0.07699990272521973, -1e+100, 158602.92227664863
0.18599987030029297, -1e+100, 117561.3287287074
1.9739999771118164, -1e+100, 98390.85531311731
3.360999822616577, -1e+100, 98234.2687358737
5.45799994468689, -1e+100, 92354.495890005
11.444000005722046, -1e+100, 89194.38374773118
19.530999898910522, -1e+100, 88997.80502379136
21.949999809265137, -1e+100, 88991.40142227366
22.156999826431274, -1e+100, 88881.08845768527
22.679999828338623, -1e+100, 88881.08845768527
23.03600001335144, -1e+100, 88881.08845768527
23.58799982070923, -1e+100, 88881.08845768527
24.006999969482422, -1e+100, 88881.08845768527
24.027999877929688, -1e+100, 88881.08845768527
24.280999898910522, -1e+100, 88881.08845768527
24.977999925613403, -1e+100, 88881.08845768527
25.007999897003174, -1e+100, 88881.08845768527
25.495999813079834, -1e+100, 88881.08845768527
26.28600001335144, -1e+100, 88881.08845768527
26.855000019073486, -1e+100, 88881.08845768527
27.151999950408936, -1e+100, 88881.08845768527
27.176999807357788, -1e+100, 88881.08845768527
27.85599994659424, -1e+100, 88881.08845768527
28.19700002670288, -1e+100, 88881.08845768527
28.567999839782715, -1e+100, 88881.08845768527
28.58899998664856, -1e+100, 88881.08845768527
29.299999952316284, -1e+100, 88881.08845768527
29.727999925613403, -1e+100, 88881.08845768527
30.590999841690063, -1e+100, 88881.08845768527
31.039000034332275, -1e+100, 88881.08845768527
31.507999897003174, -1e+100, 88881.08845768527
31.52999997138977, -1e+100, 88881.08845768527
31.562999963760376, -1e+100, 88881.08845768527
32.931999921798706, -1e+100, 88881.08845768527
32.9539999961853, -1e+100, 88881.08845768527
34.02999997138977, -1e+100, 88539.43533349693
34.056999921798706, -1e+100, 88539.43533349693
34.07799983024597, -1e+100, 88539.43533349693
35.28499984741211, -1e+100, 88539.43533349693
35.907999992370605, -1e+100, 88539.43533349693
35.924999952316284, -1e+100, 88539.43533349693
36.526999950408936, -1e+100, 88539.43533349693
36.54699993133545, -1e+100, 88539.43533349693
37.8439998626709, -1e+100, 88539.43533349693
37.859999895095825, -1e+100, 88539.43533349693
38.61199998855591, -1e+100, 88539.43533349693
38.639999866485596, -1e+100, 88539.43533349693
40.03600001335144, -1e+100, 88539.43533349693
40.90399980545044, -1e+100, 88539.43533349693
40.93499994277954, -1e+100, 88539.43533349693
40.95599985122681, -1e+100, 88539.43533349693
40.97699999809265, -1e+100, 88539.43533349693
41.734999895095825, -1e+100, 88539.43533349693
42.61800003051758, -1e+100, 88539.43533349693
42.639999866485596, -1e+100, 88539.43533349693
44.35599994659424, -1e+100, 88426.69583431078
44.38699984550476, -1e+100, 88426.69583431078
45.342000007629395, -1e+100, 88426.69583431078
45.371999979019165, -1e+100, 88426.69583431078
45.401000022888184, -1e+100, 88426.69583431078
47.36999988555908, -1e+100, 88268.9823951408
47.39399981498718, -1e+100, 88268.9823951408
48.45299983024597, -1e+100, 88265.20977697632
49.567999839782715, -1e+100, 88265.20977697632
50.651999950408936, -1e+100, 88265.20977697632
50.686999797821045, -1e+100, 88265.20977697632
51.88099980354309, -1e+100, 88265.20977697632
53.10899996757507, -1e+100, 88212.15802508575
53.132999897003174, -1e+100, 88212.15802508575
53.156999826431274, -1e+100, 88212.15802508575
55.66699981689453, -1e+100, 88151.00495664733
55.70099997520447, -1e+100, 88132.61664735773
57.168999910354614, -1e+100, 88132.61664735773
57.21599984169006, -1e+100, 88132.61664735773
58.64399981498718, -1e+100, 88132.61664735773
60.13499999046326, -1e+100, 88027.46579726416
61.621999979019165, -1e+100, 88027.46579726416
63.49899983406067, -1e+100, 87967.7921654227
63.549999952316284, -1e+100, 87967.7921654227
65.25699996948242, -1e+100, 87967.7921654227
65.29999995231628, -1e+100, 87967.7921654227
65.31799983978271, -1e+100, 87967.7921654227
65.34500002861023, -1e+100, 87967.7921654227
66.9319999217987, -1e+100, 87967.7921654227
66.95899987220764, -1e+100, 87967.7921654227
68.94299983978271, -1e+100, 87862.04812585734
70.88099980354309, -1e+100, 87862.04812585734
72.6269998550415, -1e+100, 87862.04812585734
72.65899991989136, -1e+100, 87862.04812585734
74.85799980163574, -1e+100, 87862.04812585734
74.88399982452393, -1e+100, 87862.04812585734
76.87199997901917, -1e+100, 87862.04812585734
76.90100002288818, -1e+100, 87862.04812585734
76.92599987983704, -1e+100, 87862.04812585734
76.95899987220764, -1e+100, 87858.31256411353
79.03600001335144, -1e+100, 87858.31256411353
79.05900001525879, -1e+100, 87858.31256411353
79.08699989318848, -1e+100, 87858.31256411353
81.52199983596802, -1e+100, 87736.1102006479
83.78900003433228, -1e+100, 87736.1102006479
83.81299996376038, -1e+100, 87688.66691910343
83.83599996566772, -1e+100, 87648.84242038336
83.86199998855591, -1e+100, 87648.84242038336
83.88599991798401, -1e+100, 87648.84242038336
83.91799998283386, -1e+100, 87648.84242038336
86.56199979782104, -1e+100, 87648.84242038336
89.10099983215332, -1e+100, 87617.3548145967
89.12899994850159, -1e+100, 87617.3548145967
89.15499997138977, -1e+100, 87617.3548145967
89.18499994277954, -1e+100, 87617.3548145967
89.21199989318848, -1e+100, 87617.3548145967
91.59299993515015, -1e+100, 87617.3548145967
91.63899993896484, -1e+100, 87608.89006341825
94.24300003051758, -1e+100, 87608.89006341825
96.49799990653992, -1e+100, 87608.89006341825
96.52999997138977, -1e+100, 87608.89006341825
96.56599998474121, -1e+100, 87608.89006341825
96.60699987411499, -1e+100, 87608.89006341825
98.95099997520447, -1e+100, 87608.89006341825
98.98399996757507, -1e+100, 87608.89006341825
101.72599983215332, -1e+100, 87488.52997812469
101.76999998092651, -1e+100, 87488.52997812469
104.39499998092651, -1e+100, 87488.52997812469
104.42699980735779, -1e+100, 87416.15441733052
106.70299983024597, -1e+100, 87376.60964371267
106.74000000953674, -1e+100, 87376.60964371267
106.76899981498718, -1e+100, 87376.60964371267
106.80599999427795, -1e+100, 87376.60964371267
109.52699995040894, -1e+100, 87376.60964371267
109.54399991035461, -1e+100, 87376.60964371267
109.57699990272522, -1e+100, 87376.60964371267
109.62099981307983, -1e+100, 87349.39255100464
112.38499999046326, -1e+100, 87349.39255100464
114.61399984359741, -1e+100, 87349.39255100464
117.44199991226196, -1e+100, 87349.39255100464
120.17599987983704, -1e+100, 87185.1983599769
120.2039999961853, -1e+100, 87185.1983599769
120.23899984359741, -1e+100, 87185.1983599769
122.72399997711182, -1e+100, 87185.1983599769
122.7739999294281, -1e+100, 87185.1983599769
122.80599999427795, -1e+100, 87185.1983599769
122.83399987220764, -1e+100, 87185.1983599769
125.55399990081787, -1e+100, 87185.1983599769
125.5849997997284, -1e+100, 87185.1983599769
125.6029999256134, -1e+100, 87185.1983599769
125.62399983406067, -1e+100, 87185.1983599769
125.64599990844727, -1e+100, 87185.1983599769
128.56499981880188, -1e+100, 87185.1983599769
128.59899997711182, -1e+100, 87185.1983599769
128.6289999485016, -1e+100, 87185.1983599769
128.68699979782104, -1e+100, 87185.1983599769
128.7300000190735, -1e+100, 87185.1983599769
133.856999874115, -1e+100, 87185.1983599769
133.8880000114441, -1e+100, 87185.1983599769
133.89599990844727, -1e+100, 87185.1983599769
133.91299986839294, -1e+100, 87185.1983599769
133.94299983978271, -1e+100, 87185.1983599769
137.00099992752075, -1e+100, 87185.1983599769
137.0569999217987, -1e+100, 87057.65047847194
137.0920000076294, -1e+100, 87057.65047847194
137.1119999885559, -1e+100, 87057.65047847194
139.6050000190735, -1e+100, 87057.65047847194
139.63499999046326, -1e+100, 87057.65047847194
142.6309998035431, -1e+100, 87057.65047847194
142.66400003433228, -1e+100, 87057.65047847194
142.70299983024597, -1e+100, 87057.65047847194
142.7170000076294, -1e+100, 87057.65047847194
145.6909999847412, -1e+100, 87057.65047847194
145.7300000190735, -1e+100, 87057.65047847194
145.75799989700317, -1e+100, 86959.71158697995
145.77600002288818, -1e+100, 86959.71158697995
148.97499990463257, -1e+100, 86959.71158697995
149.00799989700317, -1e+100, 86868.72788957563
149.0349998474121, -1e+100, 86868.72788957563
149.07599997520447, -1e+100, 86868.72788957563
152.2779998779297, -1e+100, 86868.72788957563
152.31900000572205, -1e+100, 86868.72788957563
155.22099995613098, -1e+100, 86857.12234612828
155.25300002098083, -1e+100, 86857.12234612828
155.27999997138977, -1e+100, 86857.12234612828
155.3090000152588, -1e+100, 86857.12234612828
157.9409999847412, -1e+100, 86857.12234612828
157.96599984169006, -1e+100, 86857.12234612828
157.99599981307983, -1e+100, 86857.12234612828
160.84899997711182, -1e+100, 86857.12234612828
160.87599992752075, -1e+100, 86857.12234612828
160.89699983596802, -1e+100, 86857.12234612828
160.92199993133545, -1e+100, 86857.12234612828
160.94999980926514, -1e+100, 86857.12234612828
160.99300003051758, -1e+100, 86857.12234612828
164.18499994277954, -1e+100, 86857.12234612828
164.22199988365173, -1e+100, 86768.68048286381
164.2519998550415, -1e+100, 86768.68048286381
167.03600001335144, -1e+100, 86768.68048286381
167.0659999847412, -1e+100, 86768.68048286381
167.09999990463257, -1e+100, 86768.68048286381
169.92799997329712, -1e+100, 86768.68048286381
169.9559998512268, -1e+100, 86768.68048286381
169.99199986457825, -1e+100, 86768.68048286381
170.01399993896484, -1e+100, 86631.06392181639
173.17599987983704, -1e+100, 86631.06392181639
173.20899987220764, -1e+100, 86631.06392181639
173.24300003051758, -1e+100, 86631.06392181639
173.27099990844727, -1e+100, 86631.06392181639
173.3069999217987, -1e+100, 86631.06392181639
176.42799997329712, -1e+100, 86631.06392181639
176.47099995613098, -1e+100, 86631.06392181639
176.49300003051758, -1e+100, 86631.06392181639
179.00899982452393, -1e+100, 86587.91262728845
179.03199982643127, -1e+100, 86587.91262728845
179.05799984931946, -1e+100, 86587.91262728845
181.98399996757507, -1e+100, 86573.56509434154
182.02099990844727, -1e+100, 86573.56509434154
185.4319999217987, -1e+100, 86571.91625377326
185.46199989318848, -1e+100, 86571.91625377326
185.49000000953674, -1e+100, 86571.91625377326
185.52699995040894, -1e+100, 86571.91625377326
185.56299996376038, -1e+100, 86571.91625377326
188.8399999141693, -1e+100, 86571.91625377326
188.856999874115, -1e+100, 86571.91625377326
188.88899993896484, -1e+100, 86549.73747287516
188.9079999923706, -1e+100, 86549.73747287516
192.0829999446869, -1e+100, 86549.73747287516
192.1119999885559, -1e+100, 86549.73747287516
192.14100003242493, -1e+100, 86549.73747287516
192.16299986839294, -1e+100, 86549.73747287516
192.1909999847412, -1e+100, 86549.73747287516
195.69799995422363, -1e+100, 86549.73747287516
195.73499989509583, -1e+100, 86549.73747287516
195.76199984550476, -1e+100, 86549.73747287516
198.98599982261658, -1e+100, 86549.73747287516
199.00999999046326, -1e+100, 86549.73747287516
199.0349998474121, -1e+100, 86549.73747287516
199.0609998703003, -1e+100, 86549.73747287516
199.08599996566772, -1e+100, 86549.73747287516
201.90199995040894, -1e+100, 86549.73747287516
201.9229998588562, -1e+100, 86549.73747287516
201.94700002670288, -1e+100, 86549.73747287516
201.97199988365173, -1e+100, 86526.9735735717
201.99399995803833, -1e+100, 86526.9735735717
205.02099990844727, -1e+100, 86526.9735735717
205.05999994277954, -1e+100, 86526.9735735717
205.09099984169006, -1e+100, 86526.9735735717
208.42400002479553, -1e+100, 86526.9735735717
208.44599986076355, -1e+100, 86526.9735735717
208.47199988365173, -1e+100, 86526.9735735717
208.50699996948242, -1e+100, 86526.9735735717
211.64599990844727, -1e+100, 86526.9735735717
211.67899990081787, -1e+100, 86526.9735735717
215.24599981307983, -1e+100, 86490.45215310878
215.26699995994568, -1e+100, 86490.45215310878
215.29699993133545, -1e+100, 86490.45215310878
215.3349997997284, -1e+100, 86490.45215310878
218.4599997997284, -1e+100, 86490.45215310878
218.50300002098083, -1e+100, 86490.45215310878
218.5349998474121, -1e+100, 86490.45215310878
218.56699991226196, -1e+100, 86490.45215310878
221.79699993133545, -1e+100, 86490.45215310878
221.82799983024597, -1e+100, 86490.45215310878
221.8769998550415, -1e+100, 86429.55062179443
221.9079999923706, -1e+100, 86429.55062179443
225.50999999046326, -1e+100, 86429.55062179443
225.53900003433228, -1e+100, 86429.55062179443
225.56900000572205, -1e+100, 86429.55062179443
225.60599994659424, -1e+100, 86401.26947299445
228.34299993515015, -1e+100, 86401.26947299445
228.3769998550415, -1e+100, 86401.26947299445
235.5349998474121, -1e+100, 86395.41379209454
235.57099986076355, -1e+100, 86395.41379209454
235.59799981117249, -1e+100, 86395.41379209454
235.62099981307983, -1e+100, 86395.41379209454
239.05399990081787, -1e+100, 86395.41379209454
242.375, -1e+100, 86366.5720788633
242.4079999923706, -1e+100, 86366.5720788633
246.0019998550415, -1e+100, 86366.5720788633
246.03600001335144, -1e+100, 86366.5720788633
246.07799983024597, -1e+100, 86366.5720788633
249.67400002479553, -1e+100, 86366.5720788633
249.6909999847412, -1e+100, 86355.58894558443
249.731999874115, -1e+100, 86355.58894558443
252.49199986457825, -1e+100, 86355.58894558443
252.51699995994568, -1e+100, 86355.58894558443
252.54299998283386, -1e+100, 86355.58894558443
256.3399999141693, -1e+100, 86355.58894558443
256.37599992752075, -1e+100, 86355.58894558443
259.8420000076294, -1e+100, 86355.58894558443
259.8639998435974, -1e+100, 86355.58894558443
259.8949999809265, -1e+100, 86355.58894558443
259.92899990081787, -1e+100, 86355.58894558443
259.9619998931885, -1e+100, 86355.58894558443
263.71399998664856, -1e+100, 86355.58894558443
263.7569999694824, -1e+100, 86355.58894558443
263.7939999103546, -1e+100, 86355.58894558443
267.07599997520447, -1e+100, 86355.58894558443
267.10799980163574, -1e+100, 86355.58894558443
267.14299988746643, -1e+100, 86355.58894558443
267.1769998073578, -1e+100, 86355.58894558443
270.7039999961853, -1e+100, 86355.58894558443
270.73799991607666, -1e+100, 86355.58894558443
270.7660000324249, -1e+100, 86355.58894558443
270.78799986839294, -1e+100, 86308.76004530223
274.49399995803833, -1e+100, 86308.76004530223
274.5169999599457, -1e+100, 86308.76004530223
277.4119999408722, -1e+100, 86283.45117219776
277.42199993133545, -1e+100, 86283.45117219776
277.4389998912811, -1e+100, 86283.45117219776
277.47000002861023, -1e+100, 86283.45117219776
280.83399987220764, -1e+100, 86283.45117219776
280.8699998855591, -1e+100, 86282.56040071607
280.8939998149872, -1e+100, 86282.56040071607
280.9189999103546, -1e+100, 86282.56040071607
284.9269998073578, -1e+100, 86282.56040071607
284.9539999961853, -1e+100, 86282.56040071607
284.9729998111725, -1e+100, 86282.56040071607
285.0039999485016, -1e+100, 86282.56040071607
285.02999997138977, -1e+100, 86282.56040071607
288.7079999446869, -1e+100, 86257.86471498331
292.2829999923706, -1e+100, 86257.86471498331
292.31900000572205, -1e+100, 86257.86471498331
292.36899995803833, -1e+100, 86257.86471498331
295.85599994659424, -1e+100, 86252.74972645148
295.8919999599457, -1e+100, 86252.74972645148
295.91799998283386, -1e+100, 86243.56744512964
295.9379999637604, -1e+100, 86243.56744512964
295.9579999446869, -1e+100, 86243.56744512964
295.99199986457825, -1e+100, 86243.56744512964
299.9269998073578, -1e+100, 86243.56744512964
299.9559998512268, -1e+100, 86243.56744512964
303.4859998226166, -1e+100, 86243.56744512964
303.49399995803833, -1e+100, 86243.56744512964
306.93299984931946, -1e+100, 86243.56744512964
306.95700001716614, -1e+100, 86236.41252299766
306.9909999370575, -1e+100, 86236.41252299766
307.02099990844727, -1e+100, 86236.41252299766
307.0519998073578, -1e+100, 86236.41252299766
310.01799988746643, -1e+100, 86236.41252299766
313.4729998111725, -1e+100, 86219.51436306641
317.1309998035431, -1e+100, 86219.51436306641
317.16299986839294, -1e+100, 86219.51436306641
317.19199991226196, -1e+100, 86219.51436306641
317.2170000076294, -1e+100, 86219.51436306641
321.2479999065399, -1e+100, 86219.51436306641
324.84500002861023, -1e+100, 86197.09314280363
324.8599998950958, -1e+100, 86197.09314280363
324.90399980545044, -1e+100, 86197.09314280363
328.87199997901917, -1e+100, 86197.09314280363
332.1889998912811, -1e+100, 86177.95736698147
332.23099994659424, -1e+100, 86177.95736698147
336.021999835968, -1e+100, 86177.95736698147
336.0549998283386, -1e+100, 86177.95736698147
336.09099984169006, -1e+100, 86177.95736698147
336.12199997901917, -1e+100, 86177.95736698147
339.856999874115, -1e+100, 86177.95736698147
339.87800002098083, -1e+100, 86177.95736698147
339.90399980545044, -1e+100, 86177.95736698147
339.9340000152588, -1e+100, 86177.95736698147
343.83799982070923, -1e+100, 86163.57813801871
343.87599992752075, -1e+100, 86163.57813801871
343.9069998264313, -1e+100, 86163.57813801871
347.2869999408722, -1e+100, 86163.57813801871
347.31699991226196, -1e+100, 86163.57813801871
347.34500002861023, -1e+100, 86163.57813801871
351.32499980926514, -1e+100, 86163.57813801871
351.3659999370575, -1e+100, 86163.57813801871
351.396999835968, -1e+100, 86151.0779540656
351.42599987983704, -1e+100, 86151.0779540656
355.202999830246, -1e+100, 86151.0779540656
355.24000000953674, -1e+100, 86151.0779540656
355.2649998664856, -1e+100, 86151.0779540656
359.4189999103546, -1e+100, 86151.0779540656
359.43499994277954, -1e+100, 86151.0779540656
362.5739998817444, -1e+100, 86151.0779540656
362.6009998321533, -1e+100, 86151.0779540656
362.62199997901917, -1e+100, 86151.0779540656
366.64599990844727, -1e+100, 86151.0779540656
370.1510000228882, -1e+100, 86134.28441216395
370.16799998283386, -1e+100, 86134.28441216395
370.1859998703003, -1e+100, 86134.28441216395
374.1289999485016, -1e+100, 86134.28441216395
378.0939998626709, -1e+100, 86106.97912334214
382.08399987220764, -1e+100, 86104.84180531086
382.1159999370575, -1e+100, 86104.84180531086
382.1510000228882, -1e+100, 86104.84180531086
382.18099999427795, -1e+100, 86104.84180531086
385.5649998188019, -1e+100, 86104.84180531086
389.3420000076294, -1e+100, 86104.84180531086
389.3729999065399, -1e+100, 86104.84180531086
389.3899998664856, -1e+100, 86104.84180531086
393.5549998283386, -1e+100, 86104.84180531086
393.6009998321533, -1e+100, 86104.84180531086
397.34099984169006, -1e+100, 86104.84180531086
397.375, -1e+100, 86104.84180531086
397.4010000228882, -1e+100, 86104.84180531086
397.43299984931946, -1e+100, 86062.8226175811
397.45499992370605, -1e+100, 86062.8226175811
401.7630000114441, -1e+100, 86062.8226175811
401.8019998073578, -1e+100, 86062.8226175811
401.827999830246, -1e+100, 86062.8226175811
405.84699988365173, -1e+100, 86062.8226175811
405.87800002098083, -1e+100, 86043.35334228
409.88499999046326, -1e+100, 86041.28382995099
413.85799980163574, -1e+100, 86041.28382995099
413.88699984550476, -1e+100, 86041.28382995099
413.9159998893738, -1e+100, 86041.28382995099
421.8349997997284, -1e+100, 86014.56292897729
421.87800002098083, -1e+100, 86014.56292897729
429.7579998970032, -1e+100, 86014.56292897729
429.7909998893738, -1e+100, 86014.56292897729
429.8179998397827, -1e+100, 86014.56292897729
429.8529999256134, -1e+100, 86014.56292897729
429.8769998550415, -1e+100, 86013.97308796391
433.18099999427795, -1e+100, 86013.97308796391
433.202999830246, -1e+100, 86013.97308796391
433.2259998321533, -1e+100, 86013.97308796391
433.2449998855591, -1e+100, 86013.97308796391
433.2689998149872, -1e+100, 86013.97308796391
437.2479999065399, -1e+100, 86013.97308796391
437.2819998264313, -1e+100, 86013.97308796391
441.6949999332428, -1e+100, 85981.2966271762
441.73099994659424, -1e+100, 85976.26009726872
441.7649998664856, -1e+100, 85976.26009726872
441.7939999103546, -1e+100, 85976.26009726872
446.02300000190735, -1e+100, 85976.26009726872
446.0499999523163, -1e+100, 85976.26009726872
450.55399990081787, -1e+100, 85976.26009726872
450.59299993515015, -1e+100, 85976.26009726872
458.96599984169006, -1e+100, 85976.26009726872
458.99899983406067, -1e+100, 85976.26009726872
463.12999987602234, -1e+100, 85960.35105477482
463.16299986839294, -1e+100, 85957.18641863881
467.3179998397827, -1e+100, 85957.18641863881
471.8599998950958, -1e+100, 85955.91280146728
471.8899998664856, -1e+100, 85955.91280146728
471.92199993133545, -1e+100, 85955.91280146728
471.9670000076294, -1e+100, 85955.91280146728
475.95499992370605, -1e+100, 85955.52426285231
475.96299982070923, -1e+100, 85955.52426285231
475.99399995803833, -1e+100, 85955.52426285231
476.0130000114441, -1e+100, 85955.52426285231
480.6289999485016, -1e+100, 85955.52426285231
480.66299986839294, -1e+100, 85955.52426285231
480.6970000267029, -1e+100, 85955.52426285231
485.12999987602234, -1e+100, 85955.52426285231
485.1640000343323, -1e+100, 85955.52426285231
485.19400000572205, -1e+100, 85955.52426285231
485.22000002861023, -1e+100, 85937.92136512612
489.29699993133545, -1e+100, 85937.92136512612
489.33399987220764, -1e+100, 85937.92136512612
493.5549998283386, -1e+100, 85930.94228227237
493.59099984169006, -1e+100, 85930.94228227237
493.62599992752075, -1e+100, 85929.70593208888
493.66100001335144, -1e+100, 85929.70593208888
497.7909998893738, -1e+100, 85929.70593208888
497.8239998817444, -1e+100, 85929.70593208888
497.8509998321533, -1e+100, 85929.70593208888
501.92400002479553, -1e+100, 85929.70593208888
501.9559998512268, -1e+100, 85929.70593208888
506.10399985313416, -1e+100, 85928.12127481918
506.13899993896484, -1e+100, 85928.12127481918
506.1769998073578, -1e+100, 85928.12127481918
506.2189998626709, -1e+100, 85928.12127481918
510.91999983787537, -1e+100, 85928.12127481918
515.066999912262, -1e+100, 85928.0411731156
519.816999912262, -1e+100, 85928.0411731156
519.845999956131, -1e+100, 85928.0411731156
519.8680000305176, -1e+100, 85928.0411731156
519.8899998664856, -1e+100, 85928.0411731156
519.9189999103546, -1e+100, 85928.0411731156
519.9489998817444, -1e+100, 85896.97601513125
524.3780000209808, -1e+100, 85896.97601513125
524.4079999923706, -1e+100, 85896.97601513125
524.4299998283386, -1e+100, 85896.97601513125
528.4249999523163, -1e+100, 85896.97601513125
533.1369998455048, -1e+100, 85884.20465582922
533.164999961853, -1e+100, 85884.20465582922
533.191999912262, -1e+100, 85884.20465582922
533.2119998931885, -1e+100, 85884.20465582922
537.8609998226166, -1e+100, 85884.20465582922
537.8939998149872, -1e+100, 85884.20465582922
542.2309999465942, -1e+100, 85884.20465582922
551.470999956131, -1e+100, 85884.20465582922
551.4989998340607, -1e+100, 85884.20465582922
551.5319998264313, -1e+100, 85884.20465582922
555.9839999675751, -1e+100, 85884.20465582922
556.0119998455048, -1e+100, 85884.20465582922
560.4199998378754, -1e+100, 85884.20465582922
560.4489998817444, -1e+100, 85884.20465582922
565.311999797821, -1e+100, 85884.20465582922
565.3509998321533, -1e+100, 85884.20465582922
565.3829998970032, -1e+100, 85884.20465582922
570.1749999523163, -1e+100, 85884.20465582922
574.7119998931885, -1e+100, 85884.20465582922
574.7300000190735, -1e+100, 85884.20465582922
579.7619998455048, -1e+100, 85884.20465582922
579.789999961853, -1e+100, 85884.20465582922
583.5639998912811, -1e+100, 85884.20465582922
583.5989999771118, -1e+100, 85884.20465582922
588.2379999160767, -1e+100, 85884.20465582922
588.2649998664856, -1e+100, 85884.20465582922
593.1659998893738, -1e+100, 85794.7543770181
593.2070000171661, -1e+100, 85794.7543770181
593.2349998950958, -1e+100, 85794.7543770181
597.771999835968, -1e+100, 85794.7543770181
597.7969999313354, -1e+100, 85794.7543770181
602.6840000152588, -1e+100, 85794.7543770181
602.7139999866486, -1e+100, 85785.89970174346
602.7400000095367, -1e+100, 85785.89970174346
602.7699999809265, -1e+100, 85785.89970174346
607.3479998111725, -1e+100, 85785.89970174346
611.5699999332428, -1e+100, 85776.97267342995
616.1380000114441, -1e+100, 85776.97267342995
616.1769998073578, -1e+100, 85776.97267342995
616.204999923706, -1e+100, 85776.97267342995
616.2379999160767, -1e+100, 85776.97267342995
621.430999994278, -1e+100, 85776.97267342995
621.4649999141693, -1e+100, 85776.97267342995
621.4889998435974, -1e+100, 85776.97267342995
621.5139999389648, -1e+100, 85776.97267342995
626.6180000305176, -1e+100, 85776.97267342995
631.3709998130798, -1e+100, 85776.97267342995
631.4029998779297, -1e+100, 85776.97267342995
636.3249998092651, -1e+100, 85776.97267342995
636.3499999046326, -1e+100, 85776.97267342995
636.375, -1e+100, 85776.97267342995
641.1879999637604, -1e+100, 85776.97267342995
641.2109999656677, -1e+100, 85776.97267342995
645.5360000133514, -1e+100, 85776.97267342995
645.5720000267029, -1e+100, 85776.97267342995
645.5920000076294, -1e+100, 85776.97267342995
650.9249999523163, -1e+100, 85739.51414180349
650.9519999027252, -1e+100, 85739.51414180349
655.9229998588562, -1e+100, 85739.51414180349
655.952999830246, -1e+100, 85739.51414180349
655.9829998016357, -1e+100, 85739.51414180349
660.3259999752045, -1e+100, 85739.51414180349
660.3689999580383, -1e+100, 85739.51414180349
660.3910000324249, -1e+100, 85739.51414180349
665.6829998493195, -1e+100, 85739.51414180349
670.5199999809265, -1e+100, 85739.51414180349
670.5539999008179, -1e+100, 85739.51414180349
670.5789999961853, -1e+100, 85739.51414180349
670.6109998226166, -1e+100, 85739.51414180349
670.6349999904633, -1e+100, 85739.51414180349
675.289999961853, -1e+100, 85739.51414180349
675.3139998912811, -1e+100, 85739.51414180349
675.3379998207092, -1e+100, 85739.51414180349
675.3680000305176, -1e+100, 85739.51414180349
679.9089999198914, -1e+100, 85739.51414180349
679.936999797821, -1e+100, 85687.49265656945
683.4639999866486, -1e+100, 85687.49265656945
683.5030000209808, -1e+100, 85687.49265656945
683.5269999504089, -1e+100, 85687.49265656945
687.789999961853, -1e+100, 85687.49265656945
687.8209998607635, -1e+100, 85687.49265656945
687.8450000286102, -1e+100, 85687.49265656945
687.8669998645782, -1e+100, 85687.49265656945
687.8769998550415, -1e+100, 85687.49265656945
687.925999879837, -1e+100, 85687.49265656945
687.9429998397827, -1e+100, 85687.49265656945
687.9729998111725, -1e+100, 85687.49265656945
692.1439998149872, -1e+100, 85687.49265656945
692.1799998283386, -1e+100, 85687.49265656945
692.1959998607635, -1e+100, 85687.49265656945
697.4210000038147, -1e+100, 85687.49265656945
702.8639998435974, -1e+100, 85687.49265656945
708.1970000267029, -1e+100, 85687.49265656945
708.2349998950958, -1e+100, 85687.49265656945
712.9839999675751, -1e+100, 85687.49265656945
713.0230000019073, -1e+100, 85663.85372104481
713.0469999313354, -1e+100, 85663.85372104481
713.0629999637604, -1e+100, 85663.85372104481
718.4599997997284, -1e+100, 85655.95972485824
718.4909999370575, -1e+100, 85655.0338015243
722.6749999523163, -1e+100, 85655.0338015243
727.7189998626709, -1e+100, 85655.0338015243
727.7509999275208, -1e+100, 85655.0338015243
727.7869999408722, -1e+100, 85651.41835526192
732.9049999713898, -1e+100, 85651.41835526192
732.9340000152588, -1e+100, 85651.41835526192
732.9589998722076, -1e+100, 85651.41835526192
732.9789998531342, -1e+100, 85651.41835526192
733.0059998035431, -1e+100, 85651.41835526192
733.0260000228882, -1e+100, 85651.41835526192
738.311999797821, -1e+100, 85651.41835526192
738.3519999980927, -1e+100, 85651.41835526192
743.5950000286102, -1e+100, 85651.41835526192
743.625, -1e+100, 85651.41835526192
743.646999835968, -1e+100, 85651.41835526192
743.6769998073578, -1e+100, 85651.41835526192
748.5279998779297, -1e+100, 85651.41835526192
748.5579998493195, -1e+100, 85651.41835526192
753.8069999217987, -1e+100, 85617.00103154029
753.8309998512268, -1e+100, 85617.00103154029
753.8519999980927, -1e+100, 85617.00103154029
753.8780000209808, -1e+100, 85617.00103154029
759.0859999656677, -1e+100, 85617.00103154029
759.1119999885559, -1e+100, 85617.00103154029
759.1380000114441, -1e+100, 85611.91057726339
764.5059998035431, -1e+100, 85611.91057726339
764.5260000228882, -1e+100, 85611.91057726339
764.5479998588562, -1e+100, 85597.28429650138
774.5749998092651, -1e+100, 85596.09282202723
779.7709999084473, -1e+100, 85596.09282202723
779.8129999637604, -1e+100, 85596.09282202723
779.8489999771118, -1e+100, 85596.09282202723
785.1610000133514, -1e+100, 85596.09282202723
785.1949999332428, -1e+100, 85596.09282202723
785.2119998931885, -1e+100, 85596.09282202723
785.2389998435974, -1e+100, 85596.09282202723
791.1129999160767, -1e+100, 85596.09282202723
791.1410000324249, -1e+100, 85596.09282202723
795.827999830246, -1e+100, 85568.96510769066
795.8619999885559, -1e+100, 85563.45655500307
800.6659998893738, -1e+100, 85563.45655500307
804.9349999427795, -1e+100, 85563.45655500307
804.9689998626709, -1e+100, 85550.79339873299
810.4379999637604, -1e+100, 85550.79339873299
810.4729998111725, -1e+100, 85550.79339873299
810.4959998130798, -1e+100, 85550.79339873299
810.5189998149872, -1e+100, 85550.79339873299
810.5349998474121, -1e+100, 85546.57089534965
815.9189999103546, -1e+100, 85546.57089534965
815.9489998817444, -1e+100, 85546.57089534965
815.9779999256134, -1e+100, 85546.57089534965
816.0019998550415, -1e+100, 85546.57089534965
816.0230000019073, -1e+100, 85546.57089534965
816.0439999103546, -1e+100, 85546.57089534965
816.0599999427795, -1e+100, 85546.57089534965
821.6799998283386, -1e+100, 85546.57089534965
821.7119998931885, -1e+100, 85546.57089534965
821.7400000095367, -1e+100, 85535.36105056289
827.4939999580383, -1e+100, 85535.36105056289
827.521999835968, -1e+100, 85535.36105056289
831.8079998493195, -1e+100, 85534.35855744733
831.8349997997284, -1e+100, 85534.35855744733
831.8639998435974, -1e+100, 85534.35855744733
837.4279999732971, -1e+100, 85525.48607151714
843.0260000228882, -1e+100, 85525.48607151714
843.0629999637604, -1e+100, 85525.48607151714
843.0849997997284, -1e+100, 85525.48607151714
843.1079998016357, -1e+100, 85525.48607151714
848.6219999790192, -1e+100, 85525.48607151714
848.662999868393, -1e+100, 85525.48607151714
854.2119998931885, -1e+100, 85509.96012586201
854.2400000095367, -1e+100, 85509.96012586201
859.6569998264313, -1e+100, 85509.96012586201
859.6799998283386, -1e+100, 85509.96012586201
859.704999923706, -1e+100, 85509.96012586201
859.7269999980927, -1e+100, 85509.96012586201
859.7489998340607, -1e+100, 85509.96012586201
865.3669998645782, -1e+100, 85509.96012586201
865.3980000019073, -1e+100, 85509.96012586201
865.4229998588562, -1e+100, 85502.18275544331
865.4470000267029, -1e+100, 85501.76425182463
870.4359998703003, -1e+100, 85501.76425182463
870.452999830246, -1e+100, 85501.76425182463
875.8139998912811, -1e+100, 85501.76425182463
875.8550000190735, -1e+100, 85501.76425182463
875.8899998664856, -1e+100, 85501.76425182463
881.7070000171661, -1e+100, 85501.76425182463
881.7409999370575, -1e+100, 85499.80259349213
881.7599999904633, -1e+100, 85499.75153410596
881.7839999198914, -1e+100, 85499.75153410596
881.7999999523163, -1e+100, 85491.11567330893
887.2159998416901, -1e+100, 85491.11567330893
887.2409999370575, -1e+100, 85491.11567330893
892.941999912262, -1e+100, 85491.11567330893
892.9670000076294, -1e+100, 85491.11567330893
898.2279999256134, -1e+100, 85491.11567330893
898.2569999694824, -1e+100, 85491.11567330893
898.2809998989105, -1e+100, 85491.11567330893
898.2999999523163, -1e+100, 85491.11567330893
898.319000005722, -1e+100, 85491.11567330893
903.75, -1e+100, 85491.11567330893
903.7990000247955, -1e+100, 85490.38181036865
903.8259999752045, -1e+100, 85490.38181036865
909.1280000209808, -1e+100, 85490.38181036865
909.1689999103546, -1e+100, 85490.38181036865
909.2009999752045, -1e+100, 85490.38181036865
909.2200000286102, -1e+100, 85490.38181036865
914.8359999656677, -1e+100, 85490.38181036865
914.8699998855591, -1e+100, 85490.38181036865
914.9049999713898, -1e+100, 85490.38181036865
914.9389998912811, -1e+100, 85490.38181036865
920.5230000019073, -1e+100, 85490.38181036865
920.5529999732971, -1e+100, 85490.38181036865
920.5839998722076, -1e+100, 85490.38181036865
926.146999835968, -1e+100, 85490.38181036865
926.1749999523163, -1e+100, 85490.38181036865
926.2059998512268, -1e+100, 85490.38181036865
937.2639999389648, -1e+100, 85490.38181036865
937.2999999523163, -1e+100, 85456.62341870127
937.3259999752045, -1e+100, 85456.62341870127
942.9849998950958, -1e+100, 85456.62341870127
943.0130000114441, -1e+100, 85456.62341870127
943.0309998989105, -1e+100, 85456.62341870127
943.050999879837, -1e+100, 85456.62341870127
943.069000005722, -1e+100, 85456.62341870127
949.2079999446869, -1e+100, 85456.62341870127
949.2309999465942, -1e+100, 85456.62341870127
949.2530000209808, -1e+100, 85456.62341870127
955.5059998035431, -1e+100, 85456.62341870127
955.5429999828339, -1e+100, 85456.62341870127
960.760999917984, -1e+100, 85456.62341870127
960.7869999408722, -1e+100, 85456.62341870127
966.061999797821, -1e+100, 85456.62341870127
966.106999874115, -1e+100, 85456.62341870127
966.1349999904633, -1e+100, 85456.62341870127
966.1599998474121, -1e+100, 85456.62341870127
966.180999994278, -1e+100, 85456.62341870127
966.2139999866486, -1e+100, 85430.71380495762
970.1779999732971, -1e+100, 85430.71380495762
976.1669998168945, -1e+100, 85430.71380495762
982.0179998874664, -1e+100, 85430.71380495762
982.0429999828339, -1e+100, 85430.71380495762
982.0659999847412, -1e+100, 85430.71380495762
982.0879998207092, -1e+100, 85430.71380495762
982.1139998435974, -1e+100, 85430.71380495762
988.3689999580383, -1e+100, 85430.71380495762
988.3989999294281, -1e+100, 85430.71380495762
993.9979999065399, -1e+100, 85411.46209736218
994.037999868393, -1e+100, 85411.46209736218
998.7679998874664, -1e+100, 85411.46209736218
998.7979998588562, -1e+100, 85411.46209736218
1004.4649999141693, -1e+100, 85411.46209736218
1004.4979999065399, -1e+100, 85411.46209736218
1004.5230000019073, -1e+100, 85411.46209736218
1010.1119999885559, -1e+100, 85411.46209736218
1010.1369998455048, -1e+100, 85411.46209736218
1010.1599998474121, -1e+100, 85411.46209736218
1016.1599998474121, -1e+100, 85398.88944897706
1022.4599997997284, -1e+100, 85397.719148495
1022.5009999275208, -1e+100, 85397.719148495
1022.5230000019073, -1e+100, 85395.57053873556
1033.6319999694824, -1e+100, 85395.57053873556
1033.6579999923706, -1e+100, 85395.57053873556
1039.9299998283386, -1e+100, 85392.95908921563
1039.9509999752045, -1e+100, 85383.91898187059
1045.4499998092651, -1e+100, 85383.69761045411
1045.4759998321533, -1e+100, 85383.69761045411
1045.5019998550415, -1e+100, 85383.69761045411
1051.4900000095367, -1e+100, 85383.69761045411
1051.5189998149872, -1e+100, 85383.69761045411
1051.5469999313354, -1e+100, 85383.69761045411
1051.5769999027252, -1e+100, 85383.69761045411
1051.6009998321533, -1e+100, 85383.69761045411
1051.6259999275208, -1e+100, 85383.69761045411
1057.5209999084473, -1e+100, 85383.69761045411
1057.5649998188019, -1e+100, 85372.70602363229
1063.691999912262, -1e+100, 85372.70602363229
1063.7149999141693, -1e+100, 85372.70602363229
1069.1289999485016, -1e+100, 85372.70602363229
1075.7709999084473, -1e+100, 85367.26301067646
1075.8109998703003, -1e+100, 85367.26301067646
1081.9279999732971, -1e+100, 85367.26301067646
1088.5390000343323, -1e+100, 85356.41356319292
1088.5629999637604, -1e+100, 85356.41356319292
1094.6710000038147, -1e+100, 85356.41356319292
1094.6929998397827, -1e+100, 85356.41356319292
1094.7229998111725, -1e+100, 85356.41356319292
1099.6979999542236, -1e+100, 85356.41356319292
1099.7200000286102, -1e+100, 85354.40151304314
1099.7469999790192, -1e+100, 85354.40151304314
1111.566999912262, -1e+100, 85354.40151304314
1111.5929999351501, -1e+100, 85354.40151304314
1111.6169998645782, -1e+100, 85354.40151304314
1117.7430000305176, -1e+100, 85352.06124474206
1123.1389999389648, -1e+100, 85343.65002554408
1129.630999803543, -1e+100, 85343.65002554408
1129.6640000343323, -1e+100, 85343.65002554408
1129.694000005722, -1e+100, 85343.65002554408
1129.7179999351501, -1e+100, 85343.65002554408
1136.0899999141693, -1e+100, 85332.3231455796
1136.1219999790192, -1e+100, 85332.3231455796
1136.146999835968, -1e+100, 85332.3231455796
1136.1729998588562, -1e+100, 85332.3231455796
1141.6269998550415, -1e+100, 85332.3231455796
1141.6559998989105, -1e+100, 85332.3231455796
1141.6849999427795, -1e+100, 85332.3231455796
1141.7099997997284, -1e+100, 85332.3231455796
1148.534999847412, -1e+100, 85332.3231455796
1148.5699999332428, -1e+100, 85332.3231455796
1153.8049998283386, -1e+100, 85332.3231455796
1153.8309998512268, -1e+100, 85332.3231455796
1153.8519999980927, -1e+100, 85332.3231455796
1159.7789998054504, -1e+100, 85332.3231455796
1159.800999879837, -1e+100, 85332.3231455796
1166.1189999580383, -1e+100, 85316.14128978533
1166.1480000019073, -1e+100, 85316.14128978533
1171.858999967575, -1e+100, 85316.14128978533
1171.8819999694824, -1e+100, 85316.14128978533
1171.9119999408722, -1e+100, 85316.14128978533
1171.9359998703003, -1e+100, 85316.14128978533
1171.9589998722076, -1e+100, 85316.14128978533
1190.0599999427795, -1e+100, 85316.14128978533
1190.0809998512268, -1e+100, 85316.14128978533
1190.1039998531342, -1e+100, 85316.14128978533
1190.119999885559, -1e+100, 85295.70215565099
1190.1449999809265, -1e+100, 85293.66641264835
1196.5469999313354, -1e+100, 85293.66641264835
1196.5749998092651, -1e+100, 85293.66641264835
1196.595999956131, -1e+100, 85293.66641264835
1196.619999885559, -1e+100, 85293.66641264835
1202.4539999961853, -1e+100, 85293.66641264835
1208.9359998703003, -1e+100, 85293.66641264835
1208.9670000076294, -1e+100, 85293.66641264835
1215.7730000019073, -1e+100, 85293.66641264835
1215.7999999523163, -1e+100, 85288.32296560307
1215.8229999542236, -1e+100, 85288.32296560307
1222.7089998722076, -1e+100, 85282.30047192327
1228.9199998378754, -1e+100, 85282.30047192327
1228.9499998092651, -1e+100, 85282.30047192327
1235.6459999084473, -1e+100, 85282.30047192327
1235.6789999008179, -1e+100, 85282.30047192327
1235.704999923706, -1e+100, 85282.30047192327
1241.8579998016357, -1e+100, 85282.30047192327
1241.885999917984, -1e+100, 85282.30047192327
1241.9110000133514, -1e+100, 85282.30047192327
1254.5009999275208, -1e+100, 85282.30047192327
1254.534999847412, -1e+100, 85282.30047192327
1254.5549998283386, -1e+100, 85282.30047192327
1254.579999923706, -1e+100, 85282.30047192327
1261.1169998645782, -1e+100, 85282.30047192327
1261.1510000228882, -1e+100, 85282.30047192327
1261.1729998588562, -1e+100, 85282.30047192327
1261.1959998607635, -1e+100, 85282.30047192327
1267.1319999694824, -1e+100, 85282.30047192327
1267.1579999923706, -1e+100, 85282.30047192327
1267.180999994278, -1e+100, 85282.30047192327
1267.2059998512268, -1e+100, 85282.30047192327
1273.8739998340607, -1e+100, 85282.30047192327
1280.3599998950958, -1e+100, 85282.30047192327
1280.383999824524, -1e+100, 85282.30047192327
1280.4039998054504, -1e+100, 85282.30047192327
1286.9089999198914, -1e+100, 85282.30047192327
1286.9299998283386, -1e+100, 85282.30047192327
1286.9449999332428, -1e+100, 85282.30047192327
1292.691999912262, -1e+100, 85282.30047192327
1292.7269999980927, -1e+100, 85282.30047192327
1299.361999988556, -1e+100, 85282.30047192327
1299.3869998455048, -1e+100, 85233.86443775649
1299.4049999713898, -1e+100, 85233.86443775649
1299.4249999523163, -1e+100, 85233.86443775649
1305.6889998912811, -1e+100, 85233.86443775649
1305.7170000076294, -1e+100, 85233.86443775649
1305.7419998645782, -1e+100, 85233.86443775649
1305.763000011444, -1e+100, 85233.86443775649
1305.7789998054504, -1e+100, 85233.86443775649
1312.9919998645782, -1e+100, 85233.86443775649
1313.0230000019073, -1e+100, 85233.86443775649
1319.875, -1e+100, 85233.86443775649
1319.8919999599457, -1e+100, 85233.86443775649
1319.9169998168945, -1e+100, 85229.46904021285
1319.941999912262, -1e+100, 85229.46904021285
1325.96599984169, -1e+100, 85229.46904021285
1325.9969999790192, -1e+100, 85229.46904021285
1333.2229998111725, -1e+100, 85215.1158025009
1339.2749998569489, -1e+100, 85215.1158025009
1345.2579998970032, -1e+100, 85215.1158025009
1345.2839999198914, -1e+100, 85215.1158025009
1345.305999994278, -1e+100, 85215.1158025009
1345.327999830246, -1e+100, 85215.1158025009
1345.3489999771118, -1e+100, 85215.1158025009
1345.3559999465942, -1e+100, 85215.1158025009
1352.4959998130798, -1e+100, 85198.42450985537
1359.4789998531342, -1e+100, 85198.42450985537
1366.7089998722076, -1e+100, 85198.42450985537
1366.7439999580383, -1e+100, 85198.42450985537
1366.7779998779297, -1e+100, 85198.42450985537
1373.646999835968, -1e+100, 85198.42450985537
1373.6789999008179, -1e+100, 85198.42450985537
1373.7129998207092, -1e+100, 85198.42450985537
1380.1189999580383, -1e+100, 85198.42450985537
1380.1480000019073, -1e+100, 85192.76740622433
1380.1710000038147, -1e+100, 85192.76740622433
1380.191999912262, -1e+100, 85192.76740622433
1380.2070000171661, -1e+100, 85192.76740622433
1391.369999885559, -1e+100, 85192.0240229222
1396.9609999656677, -1e+100, 85187.72349777249
1396.9900000095367, -1e+100, 85187.72349777249
1397.0189998149872, -1e+100, 85187.72349777249
1397.0469999313354, -1e+100, 85181.96885565319
1403.0920000076294, -1e+100, 85181.96885565319
1403.119999885559, -1e+100, 85180.97404429066
1403.1389999389648, -1e+100, 85180.97404429066
1410.1779999732971, -1e+100, 85179.1484901571
1410.1959998607635, -1e+100, 85179.1484901571
1417.1999998092651, -1e+100, 85179.1484901571
1417.2409999370575, -1e+100, 85179.1484901571
1424.5499999523163, -1e+100, 85179.1484901571
1430.8309998512268, -1e+100, 85179.1484901571
1437.0049998760223, -1e+100, 85164.88974151989
1437.0369999408722, -1e+100, 85164.88974151989
1437.0579998493195, -1e+100, 85164.88974151989
1437.0849997997284, -1e+100, 85164.88974151989
1443.0629999637604, -1e+100, 85164.88974151989
1443.0929999351501, -1e+100, 85164.88974151989
1450.2129998207092, -1e+100, 85164.88974151989
1450.2469999790192, -1e+100, 85164.88974151989
1457.008999824524, -1e+100, 85155.41166508874
1457.039999961853, -1e+100, 85155.41166508874
1457.0749998092651, -1e+100, 85155.41166508874
1464.0479998588562, -1e+100, 85155.41166508874
1464.077999830246, 64012.15231635869, 85155.41166508874
1464.111999988556, 64012.15231635869, 85155.41166508874
1464.1399998664856, 64012.15231635869, 85155.41166508874
1470.5119998455048, 64012.15231635869, 85155.41166508874
1470.5429999828339, 64012.15231635869, 85155.41166508874
1470.5699999332428, 67850.68807474786, 85153.37101888677
1470.595999956131, 67850.68807474786, 85153.37101888677
1470.619999885559, 67850.68807474786, 85153.37101888677
1470.6419999599457, 67850.68807474786, 85153.37101888677
1486.5590000152588, 67850.68807474786, 85139.09768914756
1486.5899999141693, 68319.52370969842, 85134.58856710423
1494.1139998435974, 68319.52370969842, 85134.58856710423
1494.1459999084473, 68330.12008921192, 85134.58856710423
1494.1719999313354, 68330.12008921192, 85118.16458057224
1494.1970000267029, 68330.12008921192, 85118.16458057224
1501.8429999351501, 68330.12008921192, 85111.29726352962
1501.8709998130798, 68330.12008921192, 85111.29726352962
1509.4240000247955, 68330.12008921192, 85111.29726352962
1509.4470000267029, 68330.12008921192, 85111.29726352962
1516.6749999523163, 68330.12008921192, 85104.57132639705
1524.2569999694824, 68330.12008921192, 85104.57132639705
1524.284999847412, 68330.12008921192, 85104.57132639705
1531.3759999275208, 68330.12008921192, 85088.8183834905
1531.4059998989105, 68330.12008921192, 85088.8183834905
1538.9629998207092, 68330.12008921192, 85088.8183834905
1538.99799990654, 68330.12008921192, 85088.8183834905
1539.0199999809265, 68330.12008921192, 85088.8183834905
1545.5979998111725, 68330.12008921192, 85058.53657335995
1545.6209998130798, 68330.12008921192, 85058.53657335995
1545.6389999389648, 68330.12008921192, 85058.53657335995
1545.6549999713898, 68330.12008921192, 85058.53657335995
1545.6779999732971, 68330.12008921192, 85058.53657335995
1545.6949999332428, 68330.12008921192, 85058.53657335995
1545.7170000076294, 68330.12008921192, 85058.53657335995
1545.731999874115, 68330.12008921192, 85058.53657335995
1552.952999830246, 68330.12008921192, 85048.41314898005
1559.1579999923706, 68330.12008921192, 85048.41314898005
1571.7509999275208, 68330.12008921192, 85031.33710654767
1586.5309998989105, 68330.12008921192, 85031.33710654767
1594.1539998054504, 68330.12008921192, 85031.33710654767
1601.3259999752045, 68330.12008921192, 85014.0838262328
1601.3509998321533, 68330.12008921192, 85014.0838262328
1601.37299990654, 68330.12008921192, 85014.0838262328
1601.3929998874664, 68330.12008921192, 85014.0838262328
1601.4039998054504, 68330.12008921192, 85014.0838262328
1601.4199998378754, 68330.12008921192, 85014.0838262328
1607.4329998493195, 68330.12008921192, 85014.0838262328
1607.4499998092651, 68330.12008921192, 85014.0838262328
1607.483999967575, 70046.10240071265, 85014.0838262328
1607.5079998970032, 70046.10240071265, 85014.0838262328
1607.523999929428, 70046.10240071265, 85014.0838262328
1607.539999961853, 70046.10240071265, 85014.0838262328
1607.5590000152588, 70046.10240071265, 85014.0838262328
1607.5699999332428, 70046.10240071265, 85014.0838262328
1607.5859999656677, 70046.10240071265, 85014.0838262328
1607.6019999980927, 70046.10240071265, 85014.0838262328
1614.7459998130798, 70046.10240071265, 85014.0838262328
1614.7709999084473, 70046.10240071265, 85014.0838262328
1614.7929999828339, 70046.10240071265, 85012.52427751463
1622.3499999046326, 70046.10240071265, 85009.61629831058
1622.3759999275208, 70046.10240071265, 85009.61629831058
1629.5309998989105, 70046.10240071265, 85009.61629831058
1637.3129999637604, 70046.10240071265, 84994.28097369127
1644.9159998893738, 70046.10240071265, 84994.28097369127
1644.9449999332428, 70046.10240071265, 84994.28097369127
1644.968999862671, 70046.10240071265, 84994.28097369127
1644.9919998645782, 70046.10240071265, 84994.28097369127
1653.2430000305176, 70046.10240071265, 84994.28097369127
1653.2779998779297, 70046.10240071265, 84994.28097369127
1675.1009998321533, 70046.10240071265, 84963.34366655149
1675.1329998970032, 70046.10240071265, 84957.8048858539
1682.483999967575, 70046.10240071265, 84957.8048858539
1682.5169999599457, 70046.10240071265, 84957.8048858539
1682.5439999103546, 70046.10240071265, 84957.8048858539
1682.569000005722, 70046.10240071265, 84957.8048858539
1682.595999956131, 70046.10240071265, 84957.8048858539
1682.6209998130798, 70090.56013222203, 84957.8048858539
1682.6480000019073, 70090.56013222203, 84957.8048858539
1690.5039999485016, 70090.56013222203, 84954.80040413144
1690.5369999408722, 70090.56013222203, 84949.12579666515
1698.5769999027252, 70090.56013222203, 84949.12579666515
1698.5979998111725, 70091.42343104506, 84949.12579666515
1698.625, 70091.42343104506, 84949.12579666515
1698.646999835968, 70533.02159841072, 84946.96071427144
1698.6749999523163, 70533.02159841072, 84946.96071427144
1704.0339999198914, 70533.02159841072, 84945.13773111349
1704.069000005722, 73241.35443762505, 84945.13773111349
1704.0950000286102, 73241.35443762505, 84945.13773111349
1704.119999885559, 73241.35443762505, 84945.13773111349
1711.7419998645782, 73241.35443762505, 84945.13773111349
1711.7649998664856, 73241.35443762505, 84945.13773111349
1718.2469999790192, 73241.35443762505, 84945.13773111349
1718.2730000019073, 73241.35443762505, 84945.13773111349
1718.2960000038147, 73241.35443762505, 84945.13773111349
1718.316999912262, 73241.35443762505, 84945.13773111349
1726.2699999809265, 73726.06432570916, 84936.01010189104
1726.2919998168945, 73726.06432570916, 84936.01010189104
1726.3139998912811, 73726.06432570916, 84936.01010189104
1726.34099984169, 73726.06432570916, 84932.67401870021
1742.4299998283386, 73726.06432570916, 84929.66979247764
1750.7530000209808, 73726.06432570916, 84921.34008487902
1750.7789998054504, 73726.06432570916, 84921.34008487902
1750.7960000038147, 73726.06432570916, 84921.34008487902
1750.8249998092651, 73726.06432570916, 84917.2857295692
1758.5879998207092, 73726.06432570916, 84910.4744637585
1764.8739998340607, 73726.06432570916, 84910.4744637585
1764.9039998054504, 75500.30495002827, 84905.06919397246
1764.9359998703003, 75500.30495002827, 84905.06919397246
1780.7839999198914, 75500.30495002827, 84890.22699939048
1780.8179998397827, 75500.30495002827, 84890.22699939048
1789.0929999351501, 75500.30495002827, 84890.22699939048
1789.1280000209808, 75500.30495002827, 84890.22699939048
1796.6499998569489, 75500.30495002827, 84890.22699939048
1803.3259999752045, 75500.30495002827, 84890.22699939048
1803.3559999465942, 75500.30495002827, 84876.32029868237
1803.3739998340607, 75500.30495002827, 84872.47635389635
1811.5249998569489, 75500.30495002827, 84864.53619950241
1819.6499998569489, 75500.30495002827, 84864.53619950241
1819.6819999217987, 75500.30495002827, 84861.39174364318
1834.2409999370575, 75500.30495002827, 84846.83278350192
1834.2669999599457, 75500.30495002827, 84846.83278350192
1834.289999961853, 75500.30495002827, 84846.83278350192
1834.3109998703003, 75500.30495002827, 84846.83278350192
1834.3289999961853, 75500.30495002827, 84844.30214257061
1842.608999967575, 75500.30495002827, 84843.83139266906
1849.8339998722076, 75500.30495002827, 84843.83139266906
1849.8629999160767, 75500.30495002827, 84843.83139266906
1849.8980000019073, 75500.30495002827, 84843.83139266906
1849.9240000247955, 75500.30495002827, 84837.03621403346
1856.1679999828339, 75500.30495002827, 84832.24293376904
1856.194000005722, 75500.30495002827, 84830.88895107587
1871.0149998664856, 75500.30495002827, 84827.85467630072
1871.0499999523163, 75500.30495002827, 84827.81293531222
1871.0720000267029, 75500.30495002827, 84827.81293531222
1879.311999797821, 75500.30495002827, 84826.91928798432
1879.3379998207092, 75500.30495002827, 84826.91928798432
1879.3650000095367, 75500.30495002827, 84826.91928798432
1879.383999824524, 75500.30495002827, 84826.91928798432
1887.3739998340607, 75500.30495002827, 84817.48714719212
1887.398999929428, 75500.30495002827, 84817.48714719212
1894.3099999427795, 75500.30495002827, 84812.91951197645
1894.345999956131, 75500.30495002827, 84812.57667323522
1894.3759999275208, 75500.30495002827, 84812.57667323522
1894.4010000228882, 75500.30495002827, 84812.57667323522
1894.4229998588562, 75500.30495002827, 84808.85013811722
1901.784999847412, 75500.30495002827, 84808.85013811722
1901.8099999427795, 75500.30495002827, 84808.85013811722
1901.8479998111725, 75500.30495002827, 84808.85013811722
1901.8799998760223, 76906.30321664005, 84808.85013811722
1901.9119999408722, 76906.30321664005, 84808.85013811722
1927.2009999752045, 76906.30321664005, 84792.18524915451
1927.2329998016357, 76906.30321664005, 84792.18524915451
1927.258999824524, 76906.30321664005, 84781.80591061209
1936.0299999713898, 76906.30321664005, 84777.69617404965
1944.8849999904633, 76906.30321664005, 84765.12191615766
1952.5030000209808, 76906.30321664005, 84752.59718152173
1969.5929999351501, 76906.30321664005, 84751.34117639018
1978.273999929428, 76906.30321664005, 84739.88478131207
1978.3019998073578, 76906.30321664005, 84739.88478131207
1995.983999967575, 76906.30321664005, 84734.3843652537
1996.008999824524, 76906.30321664005, 84731.5914847509
2011.8199999332428, 76906.30321664005, 84719.51459085471
2011.845999956131, 76906.30321664005, 84719.30444018087
2011.885999917984, 76906.30321664005, 84719.10739224993
2011.9110000133514, 76906.30321664005, 84719.10739224993
2019.3819999694824, 76906.30321664005, 84717.99020885004
2019.4049999713898, 76906.30321664005, 84717.99020885004
2019.4319999217987, 76906.30321664005, 84714.37116447251
2028.0720000267029, 76906.30321664005, 84713.65616924455
2028.1009998321533, 76906.30321664005, 84713.65616924455
2036.9679999351501, 76906.30321664005, 84713.65616924455
2036.9939999580383, 76906.30321664005, 84713.65616924455
2037.016000032425, 76906.30321664005, 84706.4331907882
2046.0969998836517, 76906.30321664005, 84700.77827283247
2046.1129999160767, 76906.30321664005, 84700.77827283247
2054.744999885559, 76906.30321664005, 84696.99224864939
2062.2109999656677, 76906.30321664005, 84693.76942805701
2071.1269998550415, 76906.30321664005, 84687.24665260498
2079.6719999313354, 76906.30321664005, 84687.24665260498
2079.7039999961853, 76906.30321664005, 84687.24665260498
2079.736999988556, 76906.30321664005, 84682.56612626226
2079.760999917984, 76906.30321664005, 84682.56612626226
2088.7990000247955, 76906.30321664005, 84682.47125145499
2088.824999809265, 76906.30321664005, 84682.47125145499
2104.292999982834, 76906.30321664005, 84678.9246461891
2104.3239998817444, 76906.30321664005, 84678.9246461891
2104.34299993515, 76906.30321664005, 84678.9246461891
2113.534999847412, 76906.30321664005, 84665.60684143989
2113.565999984741, 76906.30321664005, 84662.89748691494
2121.813999891281, 76906.30321664005, 84653.04034198822
2121.8559999465942, 76906.30321664005, 84653.04034198822
2121.878000020981, 76906.30321664005, 84653.04034198822
2121.899999856949, 76906.30321664005, 84653.04034198822
2154.598999977112, 76906.30321664005, 84644.50560063809
2163.2200000286102, 76906.30321664005, 84635.3301298171
2171.039999961853, 76906.30321664005, 84630.29740128438
2171.0679998397827, 76906.30321664005, 84630.29740128438
2171.0879998207092, 76906.30321664005, 84630.29740128438
2171.109999895096, 76906.30321664005, 84630.29740128438
2171.1259999275208, 76906.30321664005, 84630.29740128438
2178.7359998226166, 76906.30321664005, 84625.01997065863
2178.7649998664856, 76906.30321664005, 84625.01997065863
2196.5049998760223, 76906.30321664005, 84615.94583841042
2205.665999889374, 76906.30321664005, 84615.92474920183
2205.6929998397827, 76906.30321664005, 84615.92474920183
2213.2990000247955, 76906.30321664005, 84612.44519637716
2213.3229999542236, 76906.30321664005, 84612.44519637716
2213.3499999046326, 76906.30321664005, 84612.44519637716
2222.986999988556, 76906.30321664005, 84611.34101217602
2230.8899998664856, 76906.30321664005, 84600.60621507854
2248.332000017166, 76906.30321664005, 84594.69186832717
2257.8509998321533, 76906.30321664005, 84594.69186832717
2257.8739998340607, 76906.30321664005, 84594.69186832717
2257.8949999809265, 76906.30321664005, 84594.69186832717
2267.2939999103546, 76906.30321664005, 84585.21406245569
2267.329999923706, 76906.30321664005, 84585.21406245569
2284.853999853134, 76906.30321664005, 84583.33971966506
2284.8959999084473, 76906.30321664005, 84582.72212101963
2293.332000017166, 76906.30321664005, 84582.72212101963
2293.358999967575, 76906.30321664005, 84582.72212101963
2293.3899998664856, 76906.30321664005, 84582.30063932137
2300.576999902725, 76906.30321664005, 84578.84637057503
2300.6169998645782, 76906.30321664005, 84578.84637057503
2300.6480000019073, 76906.30321664005, 84578.84637057503
2300.6669998168945, 76906.30321664005, 84578.84637057503
2308.2960000038147, 76906.30321664005, 84578.84637057503
2308.315999984741, 76906.30321664005, 84578.84637057503
2317.246999979019, 76906.30321664005, 84572.00600115916
2317.2809998989105, 76906.30321664005, 84572.00600115916
2317.302999973297, 76906.30321664005, 84572.00600115916
2324.273999929428, 76906.30321664005, 84572.00600115916
2324.301999807358, 76906.30321664005, 84572.00600115916
2324.3379998207092, 76906.30321664005, 84572.00600115916
2324.3579998016357, 76906.30321664005, 84572.00600115916
2324.393999814987, 77724.8267899648, 84572.00600115916
2331.7709999084473, 77724.8267899648, 84572.00600115916
2331.786999940872, 77724.8267899648, 84566.44408380272
2331.8179998397827, 77724.8267899648, 84566.44408380272
2331.8379998207092, 77724.8267899648, 84566.44408380272
2331.8579998016357, 77724.8267899648, 84566.44408380272
2331.875, 77724.8267899648, 84565.13424560797
2349.0950000286102, 77724.8267899648, 84563.84694592438
2349.1150000095367, 77724.8267899648, 84561.63148254876
2349.138000011444, 77724.8267899648, 84560.650882403
2349.161999940872, 77724.8267899648, 84560.650882403
2349.1829998493195, 77724.8267899648, 84560.650882403
2357.194000005722, 77724.8267899648, 84558.93535728466
2357.223999977112, 77724.8267899648, 84558.93535728466
2357.255999803543, 77724.8267899648, 84558.93535728466
2372.178999900818, 77724.8267899648, 84551.48153616632
2372.207999944687, 77724.8267899648, 84551.48153616632
2372.236999988556, 77724.8267899648, 84548.92818435702
2372.2619998455048, 77724.8267899648, 84548.92412266949
2382.483999967575, 77724.8267899648, 84548.92412266949
2382.5199999809265, 77724.8267899648, 84546.39480100732
2392.6589999198914, 77724.8267899648, 84546.39480100732
2392.694000005722, 77724.8267899648, 84546.39480100732
2418.255999803543, 77724.8267899648, 84537.21909109854
2426.1559998989105, 77724.8267899648, 84534.77490772387
2426.184000015259, 77724.8267899648, 84532.84709299823
2426.207000017166, 77724.8267899648, 84532.84709299823
2426.228999853134, 77724.8267899648, 84532.38119967593
2426.2379999160767, 77724.8267899648, 84532.38119967593
2434.8769998550415, 77724.8267899648, 84530.75933327603
2434.9169998168945, 77724.8267899648, 84529.41404179779
2445.199999809265, 77724.8267899648, 84527.19051731119
2445.228999853134, 77724.8267899648, 84527.19051731119
2454.6029999256134, 77724.8267899648, 84525.8893286494
2464.260999917984, 77724.8267899648, 84525.8893286494
2464.284999847412, 77724.8267899648, 84525.8893286494
2464.311999797821, 77724.8267899648, 84525.8893286494
2464.3379998207092, 77724.8267899648, 84525.8893286494
2472.176999807358, 77724.8267899648, 84516.5271093647
2481.5549998283386, 77724.8267899648, 84516.5271093647
2481.595999956131, 77724.8267899648, 84516.39722756206
2481.6159999370575, 77724.8267899648, 84516.39722756206
2490.3550000190735, 77724.8267899648, 84516.39722756206
2490.3849999904633, 77724.8267899648, 84515.25560386924
2518.34099984169, 77724.8267899648, 84507.20438719189
2518.37099981308, 77724.8267899648, 84506.04169905478
2518.388999938965, 77724.8267899648, 84504.4793709343
2528.3650000095367, 77724.8267899648, 84504.4793709343
2528.3980000019073, 77724.8267899648, 84504.4793709343
2537.0149998664856, 77724.8267899648, 84504.4793709343
2537.0460000038147, 77724.8267899648, 84503.18385282908
2537.066999912262, 77724.8267899648, 84503.18385282908
2537.0899999141693, 77724.8267899648, 84503.18385282908
2547.0599999427795, 77724.8267899648, 84502.29891974214
2555.513999938965, 77724.8267899648, 84501.07855415976
2563.672999858856, 77724.8267899648, 84500.13294605413
2563.704999923706, 77724.8267899648, 84500.03001757455
2563.7300000190735, 77724.8267899648, 84500.03001757455
2573.4939999580383, 77724.8267899648, 84497.75898036399
2582.2860000133514, 77724.8267899648, 84497.75898036399
2582.311999797821, 77724.8267899648, 84497.75898036399
2592.3129999637604, 77724.8267899648, 84493.61569007601
2601.7379999160767, 77724.8267899648, 84490.68942023655
2601.768999814987, 77724.8267899648, 84487.89581326817
2620.915999889374, 77724.8267899648, 84485.35327761967
2620.9429998397827, 77724.8267899648, 84485.35327761967
2620.96799993515, 77724.8267899648, 84485.35327761967
2620.9859998226166, 77724.8267899648, 84485.35327761967
2629.582000017166, 77724.8267899648, 84480.61966706127
2640.3629999160767, 77724.8267899648, 84477.12624474108
2640.3899998664856, 77724.8267899648, 84475.88182067533
2649.718999862671, 77724.8267899648, 84473.51579181984
2659.7799999713898, 77724.8267899648, 84471.1510053193
2659.809000015259, 77724.8267899648, 84471.1510053193
2659.830999851227, 77724.8267899648, 84471.1510053193
2659.859999895096, 77724.8267899648, 84465.84764761158
2668.0460000038147, 77724.8267899648, 84465.84764761158
2668.076999902725, 77724.8267899648, 84465.84764761158
2668.0969998836517, 77724.8267899648, 84465.84764761158
2668.12099981308, 77724.8267899648, 84465.84764761158
2668.135999917984, 77724.8267899648, 84465.84764761158
2675.981999874115, 77724.8267899648, 84463.41790058948
2676.0179998874664, 77724.8267899648, 84463.41790058948
2676.0419998168945, 77724.8267899648, 84462.94870103295
2676.0679998397827, 77724.8267899648, 84462.94870103295
2684.3799998760223, 77724.8267899648, 84462.94870103295
2684.401999950409, 77724.8267899648, 84462.94870103295
2684.422999858856, 77724.8267899648, 84462.94870103295
2684.444000005722, 77724.8267899648, 84462.94870103295
2684.470999956131, 77724.8267899648, 84462.94870103295
2693.1579999923706, 77724.8267899648, 84462.94870103295
2703.042999982834, 77724.8267899648, 84454.83591263364
2703.0729999542236, 77724.8267899648, 84451.54794876125
2719.9479999542236, 77724.8267899648, 84449.60141596576
2719.9779999256134, 77724.8267899648, 84449.60141596576
2720.005999803543, 77724.8267899648, 84449.60141596576
2728.701999902725, 77724.8267899648, 84447.5148376288
2728.7279999256134, 77724.8267899648, 84446.17866663187
2728.753000020981, 77724.8267899648, 84446.17866663187
2728.7809998989105, 77724.8267899648, 84446.17866663187
2737.3789999485016, 77724.8267899648, 84443.41932648256
2737.4029998779297, 77724.8267899648, 84443.23077988783
2737.425999879837, 77724.8267899648, 84443.23077988783
2737.449999809265, 77724.8267899648, 84443.23077988783
2745.651000022888, 77724.8267899648, 84440.45282818981
2745.678999900818, 77724.8267899648, 84440.45282818981
2753.7969999313354, 77724.8267899648, 84439.14533352877
2753.8229999542236, 77724.8267899648, 84439.14533352877
2753.8420000076294, 77724.8267899648, 84437.65954406133
2762.276000022888, 77724.8267899648, 84436.0512699209
2762.300999879837, 77724.8267899648, 84435.37235434058
2762.329999923706, 77724.8267899648, 84435.37235434058
2762.3579998016357, 77724.8267899648, 84435.37235434058
2770.736999988556, 77724.8267899648, 84434.99244055338
2770.7569999694824, 77724.8267899648, 84434.99244055338
2770.7789998054504, 77724.8267899648, 84434.99244055338
2781.630999803543, 77724.8267899648, 84430.97347413967
2781.6549999713898, 77724.8267899648, 84430.78771177119
2781.6829998493195, 77724.8267899648, 84430.69475899689
2781.702999830246, 77724.8267899648, 84430.66031388832
2789.4670000076294, 77724.8267899648, 84430.66031388832
2789.4900000095367, 77724.8267899648, 84429.7883305073
2789.513000011444, 77724.8267899648, 84429.7883305073
2799.6749999523163, 77724.8267899648, 84429.63957364221
2799.704999923706, 77724.8267899648, 84427.82295025147
2818.7039999961853, 77724.8267899648, 84426.59602937801
2818.7229998111725, 77724.8267899648, 84426.59602937801
2818.760999917984, 77724.8267899648, 84425.50464926737
2827.939999818802, 77724.8267899648, 84425.2023936143
2827.968999862671, 77724.8267899648, 84425.2023936143
2827.9879999160767, 77724.8267899648, 84425.2023936143
2828.0119998455048, 77724.8267899648, 84425.2023936143
2828.0319998264313, 77724.8267899648, 84424.79600272044
2836.4889998435974, 77724.8267899648, 84423.90088182532
2836.5169999599457, 77724.8267899648, 84423.90088182532
2836.534999847412, 77724.8267899648, 84422.8146709431
2845.4609999656677, 77724.8267899648, 84422.24198738861
2845.4939999580383, 77724.8267899648, 84422.24198738861
2845.5199999809265, 77724.8267899648, 84422.24198738861
2845.5460000038147, 77724.8267899648, 84422.24198738861
2845.5679998397827, 77724.8267899648, 84421.89472095699
2845.598999977112, 77724.8267899648, 84421.89472095699
2845.62299990654, 77724.8267899648, 84421.87510790511
2854.191999912262, 77724.8267899648, 84418.07218277625
2862.455999851227, 77724.8267899648, 84417.52725842074
2862.4859998226166, 77724.8267899648, 84417.52725842074
2862.507999897003, 77724.8267899648, 84417.52725842074
2862.5279998779297, 77724.8267899648, 84417.52725842074
2862.553999900818, 77724.8267899648, 84415.95552961541
2871.1719999313354, 77724.8267899648, 84415.84953512592
2871.1989998817444, 77724.8267899648, 84415.84953512592
2871.228999853134, 77724.8267899648, 84414.336429375
2871.257999897003, 77724.8267899648, 84413.20923762166
2880.037999868393, 77724.8267899648, 84409.30567578961
2887.875, 77724.8267899648, 84407.2982104998
2887.9110000133514, 77724.8267899648, 84407.20884001393
2887.944000005722, 77724.8267899648, 84407.20884001393
2887.970999956131, 77724.8267899648, 84407.17983844141
2887.99599981308, 77724.8267899648, 84407.05803779807
2895.8259999752045, 77724.8267899648, 84407.05803779807
2895.8529999256134, 77724.8267899648, 84407.05803779807
2895.8739998340607, 77724.8267899648, 84407.05803779807
2895.896999835968, 77724.8267899648, 84407.05803779807
2895.9219999313354, 77724.8267899648, 84407.05803779807
2895.9459998607635, 77724.8267899648, 84407.05803779807
2895.9670000076294, 77724.8267899648, 84407.05803779807
2895.984999895096, 77724.8267899648, 84407.05803779807
2896.010999917984, 77724.8267899648, 84405.60051763896
2896.0449998378754, 77724.8267899648, 84405.60051763896
2896.0789999961853, 77724.8267899648, 84405.60051763896
2904.8229999542236, 77724.8267899648, 84405.60051763896
2904.8509998321533, 77724.8267899648, 84405.20182215238
2904.8759999275208, 77724.8267899648, 84405.20182215238
2904.8959999084473, 77724.8267899648, 84403.12352523979
2922.672999858856, 77724.8267899648, 84399.77270511922
2922.704999923706, 77724.8267899648, 84399.36876772104
2922.728999853134, 77724.8267899648, 84399.24448824355
2922.7489998340607, 77724.8267899648, 84399.24448824355
2931.176999807358, 77724.8267899648, 84398.32887846092
2931.2039999961853, 77724.8267899648, 84398.26204172992
2941.447000026703, 77724.8267899648, 84396.18587593833
2949.12299990654, 77724.8267899648, 84394.05895032143
2949.1559998989105, 77724.8267899648, 84394.05895032143
2956.6029999256134, 77724.8267899648, 84393.6797237868
2956.6299998760223, 77724.8267899648, 84393.66995474686
2956.6589999198914, 77724.8267899648, 84393.66995474686
2956.680999994278, 77724.8267899648, 84393.66995474686
2956.7039999961853, 77724.8267899648, 84393.66995474686
2966.199999809265, 77724.8267899648, 84393.66995474686
2966.234999895096, 77724.8267899648, 84393.66995474686
2966.2539999485016, 77724.8267899648, 84393.66995474686
2966.274999856949, 77724.8267899648, 84393.66995474686
2966.2839999198914, 77724.8267899648, 84393.66995474686
2966.3179998397827, 77724.8267899648, 84392.98503887057
2966.3349997997284, 77724.8267899648, 84392.98503887057
2976.449999809265, 77724.8267899648, 84392.98503887057
2976.4769999980927, 77724.8267899648, 84392.98503887057
2976.5039999485016, 77724.8267899648, 84392.98503887057
2976.5279998779297, 77724.8267899648, 84392.98503887057
2976.539999961853, 77724.8267899648, 84392.84354340212
2976.569000005722, 77724.8267899648, 84392.84354340212
2976.5879998207092, 77724.8267899648, 84392.84354340212
2986.830999851227, 77724.8267899648, 84389.82177295137
2986.8680000305176, 77724.8267899648, 84389.82177295137
2986.898999929428, 77724.8267899648, 84389.82177295137
2986.9169998168945, 77724.8267899648, 84389.14659975501
2986.9329998493195, 77724.8267899648, 84388.58330117885
2986.96599984169, 77724.8267899648, 84388.58330117885
2986.9829998016357, 77724.8267899648, 84388.58330117885
2997.9599997997284, 77724.8267899648, 84388.58330117885
2997.9930000305176, 77724.8267899648, 84388.58330117885
3006.766000032425, 77724.8267899648, 84386.35813997475
3006.7939999103546, 77724.8267899648, 84386.35813997475
3006.813999891281, 77724.8267899648, 84386.35813997475
3006.8399999141693, 77724.8267899648, 84385.6349382549
3014.723999977112, 77724.8267899648, 84384.31335168851
3014.7509999275208, 77724.8267899648, 84383.27851117503
3014.7699999809265, 77724.8267899648, 84383.27851117503
3023.8929998874664, 77724.8267899648, 84381.18917358392
3023.9240000247955, 77724.8267899648, 84381.18917358392
3023.947000026703, 77724.8267899648, 84381.17657507822
3023.9670000076294, 77724.8267899648, 84381.17657507822
3023.986999988556, 77724.8267899648, 84380.8362877317
3024.0019998550415, 77724.8267899648, 84380.8362877317
3024.0289998054504, 77724.8267899648, 84380.8362877317
3024.0499999523163, 77724.8267899648, 84380.8362877317
3024.079999923706, 77724.8267899648, 84379.08029612369
3032.8819999694824, 77724.8267899648, 84379.08029612369
3032.9140000343323, 77724.8267899648, 84376.02449600423
3032.934000015259, 77724.8267899648, 84376.02449600423
3042.0579998493195, 77724.8267899648, 84376.02449600423
3042.0859999656677, 77724.8267899648, 84376.02449600423
3042.111999988556, 77724.8267899648, 84375.44018712237
3051.12099981308, 77724.8267899648, 84375.39479783704
3061.399999856949, 77724.8267899648, 84373.64013881198
3061.4359998703003, 77724.8267899648, 84373.64013881198
3061.457999944687, 77724.8267899648, 84372.22743559114
3061.4829998016357, 77724.8267899648, 84371.40394678806
3061.5019998550415, 77724.8267899648, 84371.40394678806
3061.5169999599457, 77724.8267899648, 84371.40394678806
3071.6579999923706, 77724.8267899648, 84371.40394678806
3071.689999818802, 77724.8267899648, 84371.40394678806
3071.7129998207092, 77724.8267899648, 84371.40394678806
3071.736999988556, 77724.8267899648, 84371.40394678806
3071.74799990654, 77724.8267899648, 84371.40394678806
3082.436999797821, 77724.8267899648, 84367.58662266335
3082.46599984169, 77724.8267899648, 84367.58662266335
3082.4900000095367, 77724.8267899648, 84367.41031981524
3102.2409999370575, 77724.8267899648, 84364.61653688249
3102.2679998874664, 77724.8267899648, 84364.61653688249
3110.8389999866486, 77724.8267899648, 84364.61653688249
3110.869999885559, 77724.8267899648, 84364.61653688249
3110.893999814987, 77724.8267899648, 84360.42962648277
3110.9189999103546, 77724.8267899648, 84359.66776289951
3110.9359998703003, 77724.8267899648, 84359.66776289951
3118.815999984741, 77724.8267899648, 84359.66776289951
3118.8499999046326, 77724.8267899648, 84359.66776289951
3118.878000020981, 77724.8267899648, 84359.66776289951
3118.9069998264313, 77724.8267899648, 84359.35980711663
3118.934000015259, 77724.8267899648, 84359.06277051907
3118.9509999752045, 77724.8267899648, 84359.06277051907
3118.9729998111725, 77724.8267899648, 84359.06277051907
3127.4879999160767, 77724.8267899648, 84359.06277051907
3127.5119998455048, 77724.8267899648, 84359.06277051907
3127.537999868393, 77724.8267899648, 84359.06277051907
3127.5629999637604, 77724.8267899648, 84359.00999479805
3127.5879998207092, 77724.8267899648, 84358.32994950085
3127.6129999160767, 77724.8267899648, 84358.25439928111
3127.6289999485016, 77724.8267899648, 84358.25439928111
3127.662999868393, 77724.8267899648, 84358.25439928111
3134.6449999809265, 77724.8267899648, 84358.25439928111
3134.6749999523163, 77724.8267899648, 84358.25439928111
3143.3659999370575, 77724.8267899648, 84358.25439928111
3143.393999814987, 77724.8267899648, 84358.25439928111
3143.425999879837, 77724.8267899648, 84356.70664579673
3153.5329999923706, 77724.8267899648, 84356.70664579673
3162.676999807358, 77724.8267899648, 84353.41783805576
3172.8519999980927, 77724.8267899648, 84352.53073235622
3172.875, 77724.8267899648, 84352.53073235622
3172.8980000019073, 77724.8267899648, 84352.53073235622
3183.3499999046326, 77724.8267899648, 84351.13803120272
3183.3849999904633, 77724.8267899648, 84351.13803120272
3183.4069998264313, 77724.8267899648, 84351.13803120272
3191.701999902725, 77724.8267899648, 84351.13803120272
3191.733999967575, 77724.8267899648, 84348.18811921951
3191.757999897003, 77724.8267899648, 84348.18811921951
3211.0009999275208, 77724.8267899648, 84346.79436791349
3211.0439999103546, 77724.8267899648, 84346.79436791349
3211.0729999542236, 77724.8267899648, 84346.79436791349
3221.680999994278, 77724.8267899648, 84345.32411311375
3221.707000017166, 77724.8267899648, 84344.71338597553
3221.736999988556, 77724.8267899648, 84344.71338597553
3221.7619998455048, 77724.8267899648, 84344.71338597553
3221.7860000133514, 77724.8267899648, 84344.71338597553
3228.574999809265, 77724.8267899648, 84343.86104868162
3228.5999999046326, 77724.8267899648, 84343.86104868162
3228.6269998550415, 77724.8267899648, 84343.86104868162
3228.649999856949, 77724.8267899648, 84343.14463642336
3228.6640000343323, 77724.8267899648, 84343.14463642336
3228.6979999542236, 77724.8267899648, 84343.14463642336
3228.7219998836517, 77724.8267899648, 84342.64761498988
3239.201999902725, 77725.69008878784, 84342.64761498988
3239.2300000190735, 77725.69008878784, 84342.64761498988
3248.37299990654, 77725.69008878784, 84341.2760314626
3248.4049999713898, 77725.69008878784, 84340.58992144444
3258.353999853134, 77725.69008878784, 84338.66505778157
3258.388999938965, 77725.69008878784, 84338.66505778157
3258.4089999198914, 77725.69008878784, 84338.66505778157
3258.4359998703003, 77725.69008878784, 84338.66505778157
3258.457000017166, 77725.69008878784, 84338.66505778157
3258.4879999160767, 77725.69008878784, 84337.54471119781
3267.665999889374, 77725.69008878784, 84336.4261666631
3267.691999912262, 77725.69008878784, 84336.41949104694
3267.7259998321533, 77725.69008878784, 84336.41949104694
3267.7489998340607, 77725.69008878784, 84336.41949104694
3276.934000015259, 77725.69008878784, 84335.16948375327
3276.9670000076294, 77725.69008878784, 84335.16948375327
3276.9930000305176, 77725.69008878784, 84334.79403001505
3286.1669998168945, 77725.69008878784, 84334.79403001505
3286.201999902725, 77725.69008878784, 84334.79403001505
3286.2300000190735, 77725.69008878784, 84334.28398497486
3286.2509999275208, 77725.69008878784, 84334.2644522488
3286.268999814987, 77725.69008878784, 84332.92909639775
3295.1399998664856, 77725.69008878784, 84331.66800534286
3295.167999982834, 77725.69008878784, 84331.66498657508
3295.189999818802, 77725.69008878784, 84331.37383442366
3295.2099997997284, 77725.69008878784, 84331.10807426681
3295.2259998321533, 77725.69008878784, 84330.80007870228
3306.1369998455048, 77725.69008878784, 84329.99287186452
3315.3899998664856, 77725.69008878784, 84328.48097618643
3315.414999961853, 77725.69008878784, 84328.12107750108
3326.0119998455048, 77725.69008878784, 84327.69128564431
3326.040999889374, 77725.69008878784, 84326.8107387753
3335.0920000076294, 77725.69008878784, 84326.36046479912
3335.108999967575, 77725.69008878784, 84326.36046479912
3335.1289999485016, 77725.69008878784, 84326.24153663279
3335.151000022888, 77725.69008878784, 84326.24153663279
3335.1699998378754, 77725.69008878784, 84326.24153663279
3335.1879999637604, 77725.69008878784, 84326.24153663279
3345.186999797821, 77725.69008878784, 84326.24153663279
3345.2170000076294, 77725.69008878784, 84326.24153663279
3345.2379999160767, 77725.69008878784, 84325.44863632585
3354.0920000076294, 77725.69008878784, 84322.9627263108
3354.12099981308, 77725.69008878784, 84322.90669057306
3354.1429998874664, 77725.69008878784, 84322.90669057306
3354.162999868393, 77725.69008878784, 84322.75010049717
3365.2089998722076, 77725.69008878784, 84321.68128367513
3365.236999988556, 77725.69008878784, 84321.68128367513
3374.204999923706, 77725.69008878784, 84320.25692028822
3374.231999874115, 77725.69008878784, 84320.25692028822
3374.2519998550415, 77725.69008878784, 84319.57426431157
3374.2779998779297, 77725.69008878784, 84319.43740108925
3384.753000020981, 77725.69008878784, 84318.40488038592
3384.7819998264313, 77725.69008878784, 84318.40488038592
3384.8069999217987, 77725.69008878784, 84318.40488038592
3384.832000017166, 77725.69008878784, 84318.40488038592
3393.816999912262, 77725.69008878784, 84316.98117162357
3393.8349997997284, 77725.69008878784, 84316.98117162357
3393.8650000095367, 77725.69008878784, 84316.98117162357
3393.883999824524, 77725.69008878784, 84316.47977517589
3403.434000015259, 77725.69008878784, 84314.45618568474
3403.4609999656677, 77725.69008878784, 84314.45618568474
3403.481999874115, 77725.69008878784, 84314.45618568474
3403.5049998760223, 77725.69008878784, 84314.45618568474
3412.6269998550415, 77725.69008878784, 84314.45618568474
3412.651999950409, 77725.69008878784, 84314.45618568474
3412.677999973297, 77725.69008878784, 84314.45618568474
3422.452999830246, 77725.69008878784, 84312.09202274615
3422.478999853134, 77725.69008878784, 84311.83798189781
3430.7139999866486, 77725.69008878784, 84311.83798189781
3430.7379999160767, 77725.69008878784, 84310.74277022856
3430.763999938965, 77725.69008878784, 84310.74277022856
3430.7829999923706, 77725.69008878784, 84309.77270359577
3430.800999879837, 77725.69008878784, 84309.77270359577
3440.8420000076294, 77725.69008878784, 84309.41516037517
3440.8739998340607, 77725.69008878784, 84309.41516037517
3440.899999856949, 77725.69008878784, 84309.41516037517
3440.9199998378754, 77725.69008878784, 84308.96542290426
3449.6549999713898, 77725.69008878784, 84308.06605740075
3449.688999891281, 77725.69008878784, 84308.06605740075
3449.7149999141693, 77725.69008878784, 84308.06605740075
3449.731999874115, 77725.69008878784, 84308.06605740075
3460.4889998435974, 77725.69008878784, 84307.11585513089
3460.526999950409, 77725.69008878784, 84307.11585513089
3460.551999807358, 77725.69008878784, 84307.11585513089
3460.576999902725, 77725.69008878784, 84307.11585513089
3460.593999862671, 77725.69008878784, 84307.11585513089
3460.6189999580383, 77725.69008878784, 84307.11585513089
3460.641000032425, 77725.69008878784, 84306.31145719581
3460.662999868393, 77725.69008878784, 84306.31145719581
3460.684000015259, 77725.69008878784, 84306.31145719581
3470.677999973297, 77725.69008878784, 84306.31145719581
3470.707000017166, 77725.69008878784, 84306.31145719581
3470.733999967575, 77725.69008878784, 84306.28797797684
3470.7569999694824, 77725.69008878784, 84305.5092254419
3470.7789998054504, 77725.69008878784, 84305.5092254419
3480.151000022888, 77725.69008878784, 84304.43603376162
3491.25, 77725.69008878784, 84304.01869373771
3491.284999847412, 77725.69008878784, 84302.65239976354
3491.3049998283386, 77725.69008878784, 84302.65239976354
3500.0099999904633, 77725.69008878784, 84302.37934918005
3500.034999847412, 77725.69008878784, 84302.20337779658
3500.0549998283386, 77725.69008878784, 84302.20337779658
3500.0759999752045, 77725.69008878784, 84302.20337779658
3500.09299993515, 77725.69008878784, 84302.20337779658
3500.1029999256134, 77725.69008878784, 84302.20337779658
3509.3980000019073, 77725.69008878784, 84301.35965297262
3509.4329998493195, 77725.69008878784, 84300.60190789156
3509.455999851227, 77725.69008878784, 84300.60190789156
3509.478999853134, 77725.69008878784, 84300.21001809495
3509.486999988556, 77725.69008878784, 84300.01895618798
3520.2379999160767, 77725.69008878784, 84300.01895618798
3520.2709999084473, 77725.69008878784, 84298.39389496206
3528.4809999465942, 77725.69008878784, 84297.77008185112
3528.510999917984, 77725.69008878784, 84297.77008185112
3528.5390000343323, 77725.69008878784, 84297.77008185112
3528.5609998703003, 77725.69008878784, 84297.77008185112
3528.576999902725, 77725.69008878784, 84297.77008185112
3528.6059999465942, 77725.69008878784, 84297.77008185112
3537.896999835968, 77725.69008878784, 84297.77008185112
3537.9189999103546, 77725.69008878784, 84297.77008185112
3537.939999818802, 77725.69008878784, 84297.77008185112
3537.9619998931885, 77725.69008878784, 84296.5770183547
3548.8259999752045, 77725.69008878784, 84296.5770183547
3548.8609998226166, 77725.69008878784, 84295.84371612982
3557.8639998435974, 77725.69008878784, 84293.75149025422
3568.8379998207092, 77725.69008878784, 84293.71317196488
3568.8739998340607, 77725.69008878784, 84293.71317196488
3577.875, 77725.69008878784, 84292.48380894304
3577.901000022888, 77725.69008878784, 84292.06408191915
3577.9219999313354, 77725.69008878784, 84292.0044835057
3577.947000026703, 77725.69008878784, 84292.0044835057
3577.9629998207092, 77725.69008878784, 84291.88481466101
3587.003000020981, 77725.69008878784, 84291.21160149858
3587.024999856949, 77725.69008878784, 84291.06101638268
3587.0499999523163, 77725.69008878784, 84291.06101638268
3587.069999933243, 77725.69008878784, 84291.06101638268
3587.0849997997284, 77725.69008878784, 84291.06101638268
3587.1009998321533, 77725.69008878784, 84291.06101638268
3587.130999803543, 77725.69008878784, 84291.06101638268
3587.1480000019073, 77725.69008878784, 84291.06101638268
3587.164999961853, 77725.69008878784, 84289.75655437437
3598.353999853134, 77725.69008878784, 84288.51177138224
3598.385999917984, 77725.69008878784, 84288.17091927172
3598.4110000133514, 77725.69008878784, 84288.17091927172
3598.4359998703003, 77725.69008878784, 84288.17091927172
3598.4619998931885, 77725.69008878784, 84287.98283068232
3598.4719998836517, 77725.69008878784, 84287.70570752895
3600.072000026703, 77725.69008878784, 84287.70570752895
