0.006000041961669922, -1e+100, 1e+100
0.47699999809265137, 433.2050532820741, 74857.43232650532
0.6840000152587891, 433.2050532820741, 58746.900257811
0.7049999237060547, 433.2050532820741, 58746.900257811
0.7170000076293945, 433.2050532820741, 58746.900257811
0.7249999046325684, 433.2050532820741, 58746.900257811
0.7330000400543213, 433.2050532820741, 58746.900257811
0.7589998245239258, 433.2050532820741, 58746.900257811
0.8299999237060547, 433.2050532820741, 58746.900257811
0.8940000534057617, 433.2050532820741, 58746.900257811
0.9539999961853027, 433.2050532820741, 58746.900257811
1.003000020980835, 433.2050532820741, 58746.900257811
1.0099999904632568, 865.8569261536186, 58746.900257811
1.0139999389648438, 865.8569261536186, 58746.900257811
1.0490000247955322, 865.8569261536186, 58746.900257811
1.1979999542236328, 865.8569261536186, 51910.98952256947
1.2259998321533203, 865.8569261536186, 51910.98952256947
1.238999843597412, 865.8569261536186, 51910.98952256947
1.251999855041504, 865.8569261536186, 51910.98952256947
1.2619998455047607, 865.8569261536186, 51910.98952256947
1.5079998970031738, 865.8569261536186, 46599.939789384895
1.7979998588562012, 865.8569261536186, 45144.423911108766
1.809000015258789, 865.8569261536186, 45144.423911108766
1.819000005722046, 865.8569261536186, 45144.423911108766
1.8299999237060547, 865.8569261536186, 45144.423911108766
1.8650000095367432, 865.8569261536186, 45144.423911108766
2.0739998817443848, 865.8569261536186, 44449.494150495455
2.0839998722076416, 865.8569261536186, 44449.494150495455
2.0929999351501465, 865.8569261536186, 44449.494150495455
2.1009998321533203, 865.8569261536186, 44449.494150495455
2.2860000133514404, 865.8569261536186, 43876.09820062539
2.359999895095825, 865.8569261536186, 43876.09820062539
2.628000020980835, 865.8569261536186, 43876.09820062539
2.9019999504089355, 865.8569261536186, 43876.09820062539
3.123999834060669, 865.8569261536186, 43876.09820062539
3.3259999752044678, 865.8569261536186, 43876.09820062539
3.629999876022339, 865.8569261536186, 43378.989252106396
3.6399998664855957, 865.8569261536186, 43378.989252106396
3.6519999504089355, 865.8569261536186, 43378.989252106396
3.691999912261963, 865.8569261536186, 43378.989252106396
3.861999988555908, 865.8569261536186, 43125.226283037664
4.36899995803833, 865.8569261536186, 42938.50177042056
4.623999834060669, 865.8569261536186, 42594.63430269351
4.648999929428101, 865.8569261536186, 42594.63430269351
4.671999931335449, 865.8569261536186, 42594.63430269351
5.040999889373779, 865.8569261536186, 41947.314343183156
5.103999853134155, 3474.114398350652, 41947.314343183156
5.180999994277954, 3474.114398350652, 41947.314343183156
5.25600004196167, 3474.114398350652, 41947.314343183156
5.273000001907349, 3474.114398350652, 41947.314343183156
5.332000017166138, 3474.114398350652, 41947.314343183156
5.398999929428101, 3474.114398350652, 41947.314343183156
5.626999855041504, 3474.114398350652, 41693.87694560671
6.687000036239624, 3474.114398350652, 41586.10993458481
8.019000053405762, 3474.114398350652, 40534.52222427228
10.580999851226807, 3474.114398350652, 40534.52222427228
11.728999853134155, 3474.114398350652, 40534.52222427228
13.008999824523926, 3474.114398350652, 40516.80762652135
13.471999883651733, 3474.114398350652, 40233.05264404819
13.674999952316284, 3474.114398350652, 40172.17506372326
14.450999975204468, 3474.114398350652, 40172.17506372326
14.457000017166138, 3474.114398350652, 40172.17506372326
14.73799991607666, 3474.114398350652, 40172.17506372326
14.744999885559082, 3474.114398350652, 40172.17506372326
15.266999959945679, 3474.114398350652, 40172.17506372326
15.554999828338623, 3474.114398350652, 40172.17506372326
15.562000036239624, 3474.114398350652, 40172.17506372326
15.569000005722046, 3474.114398350652, 40172.17506372326
16.473999977111816, 3474.114398350652, 40149.255213000535
16.478999853134155, 3474.114398350652, 40149.255213000535
16.484999895095825, 3474.114398350652, 40149.255213000535
16.490999937057495, 3474.114398350652, 40149.255213000535
16.497999906539917, 3474.114398350652, 40149.255213000535
16.503999948501587, 3474.114398350652, 40149.255213000535
16.51099991798401, 3474.114398350652, 40149.255213000535
21.30999994277954, 3474.114398350652, 40149.255213000535
21.35599994659424, 3474.114398350652, 40149.255213000535
21.92199993133545, 3474.114398350652, 36017.488042713165
21.941999912261963, 3474.114398350652, 36017.488042713165
22.414999961853027, 3475.387800704595, 34020.87747984586
22.937000036239624, 3475.387800704595, 33250.63867756586
23.57200002670288, 3475.387800704595, 33250.63867756586
26.049000024795532, 3475.387800704595, 32386.498596050253
26.069000005722046, 3475.387800704595, 32386.498596050253
26.157999992370605, 3475.387800704595, 32386.498596050253
26.177000045776367, 3475.387800704595, 32386.498596050253
26.194999933242798, 3475.387800704595, 32386.498596050253
26.861999988555908, 3475.387800704595, 32333.77116355177
29.139999866485596, 3475.387800704595, 32308.020026265407
30.889999866485596, 3475.387800704595, 32066.556928427795
33.378000020980835, 3475.387800704595, 32066.556928427795
33.60899996757507, 3475.387800704595, 32066.556928427795
33.61399984359741, 3475.387800704595, 32066.556928427795
33.82599997520447, 3475.387800704595, 32066.556928427795
34.80900001525879, 3475.387800704595, 32066.556928427795
35.305999994277954, 3475.387800704595, 32066.556928427795
36.72699999809265, 3475.387800704595, 32066.556928427795
36.86999988555908, 3475.387800704595, 32066.556928427795
43.145999908447266, 3475.387800704595, 31516.773198997373
43.230000019073486, 3475.387800704595, 31516.773198997373
43.28499984741211, 3475.387800704595, 31516.773198997373
43.312000036239624, 3475.387800704595, 31516.773198997373
43.92899990081787, 3475.387800704595, 31516.773198997373
45.36199998855591, 3475.387800704595, 31451.792057883376
45.85199999809265, 3475.387800704595, 31451.792057883376
47.41100001335144, 3475.387800704595, 31385.909351538732
48.01199984550476, 3475.387800704595, 31327.327455231603
48.89299988746643, 3475.387800704595, 31309.32762659651
49.319000005722046, 3475.387800704595, 31309.32762659651
50.043999910354614, 3475.387800704595, 31309.32762659651
50.78499984741211, 3475.387800704595, 31309.32762659651
51.39199995994568, 3475.387800704595, 31309.32762659651
51.96799993515015, 3475.387800704595, 31309.32762659651
52.062000036239624, 3475.387800704595, 31309.32762659651
57.87599992752075, 3475.387800704595, 30938.471011774007
57.88199996948242, 3475.387800704595, 30938.471011774007
58.758999824523926, 3475.387800704595, 30938.471011774007
59.59099984169006, 3475.387800704595, 30938.471011774007
59.73199987411499, 3475.387800704595, 30938.471011774007
59.73799991607666, 3475.387800704595, 30938.471011774007
61.3199999332428, 3475.387800704595, 30868.99304861107
63.168999910354614, 3475.387800704595, 30702.1602959918
63.19799995422363, 3475.387800704595, 30702.1602959918
65.125, 3475.387800704595, 30497.455674620305
65.69199991226196, 3475.387800704595, 30488.46521071428
65.69899988174438, 3475.387800704595, 30488.46521071428
67.27099990844727, 3475.387800704595, 30405.362955005803
69.31200003623962, 3475.387800704595, 30383.619949506447
69.94299983978271, 3475.387800704595, 30383.619949506447
69.96399998664856, 3475.387800704595, 30383.619949506447
70.48799991607666, 3475.387800704595, 30383.619949506447
70.94400000572205, 3475.387800704595, 30383.619949506447
77.04699993133545, 3475.387800704595, 30071.147464268604
77.05399990081787, 3475.387800704595, 30071.147464268604
77.06200003623962, 3475.387800704595, 30063.87417621113
79.26999998092651, 3475.387800704595, 30004.065309758487
79.27699995040894, 3475.387800704595, 30004.065309758487
79.28199982643127, 3475.387800704595, 30004.065309758487
79.64599990844727, 3475.387800704595, 30004.065309758487
80.39400005340576, 3475.387800704595, 30004.065309758487
81.24300003051758, 3475.387800704595, 29988.490669735973
84.17599987983704, 3475.387800704595, 29941.880731772635
86.43299984931946, 3475.387800704595, 29899.46598374348
86.44000005722046, 3475.387800704595, 29899.46598374348
87.0460000038147, 3475.387800704595, 29899.46598374348
87.05200004577637, 3475.387800704595, 29899.46598374348
87.0569999217987, 3475.387800704595, 29899.46598374348
87.8289999961853, 3475.387800704595, 29899.46598374348
89.1489999294281, 3475.387800704595, 29899.46598374348
89.15699982643127, 3475.387800704595, 29785.08870536455
89.16400003433228, 3475.387800704595, 29785.08870536455
89.16999983787537, 3475.387800704595, 29785.08870536455
89.17499995231628, 3475.387800704595, 29785.08870536455
91.8989999294281, 3475.387800704595, 29665.752121121335
92.7519998550415, 3475.387800704595, 29665.752121121335
92.75999999046326, 3475.387800704595, 29665.752121121335
92.76699995994568, 3475.387800704595, 29665.752121121335
100.25, 3475.387800704595, 29441.309878745175
100.26099991798401, 3475.387800704595, 29441.309878745175
102.45000004768372, 3475.387800704595, 29422.54370493655
102.4559998512268, 3475.387800704595, 29422.54370493655
102.46399998664856, 3475.387800704595, 29422.54370493655
102.4779999256134, 3475.387800704595, 29414.893863373334
103.56200003623962, 3475.387800704595, 29407.773577417378
104.69899988174438, 3475.387800704595, 29407.773577417378
104.70700001716614, 3475.387800704595, 29407.773577417378
104.71499991416931, 3475.387800704595, 29407.773577417378
104.72599983215332, 3475.387800704595, 29407.773577417378
106.02099990844727, 3475.387800704595, 29372.634213779762
106.02699995040894, 3475.387800704595, 29367.995993297478
109.97000002861023, 3475.387800704595, 29321.15158893261
111.38599991798401, 3475.387800704595, 29312.59377681838
111.39100003242493, 3475.387800704595, 29312.59377681838
111.39800000190735, 3475.387800704595, 29293.49773645358
111.40599989891052, 3475.387800704595, 29293.49773645358
112.88800001144409, 3475.387800704595, 29284.282620893748
112.89999985694885, 3475.387800704595, 29284.282620893748
116.17499995231628, 3475.387800704595, 29258.825524724794
116.17999982833862, 3475.387800704595, 29258.825524724794
116.18799996376038, 3475.387800704595, 29237.402352897287
116.1949999332428, 3475.387800704595, 29193.67613859568
116.2039999961853, 3475.387800704595, 29193.67613859568
119.48599982261658, 3475.387800704595, 29191.40264094715
121.27799987792969, 3475.387800704595, 29115.705352431207
121.28600001335144, 3475.387800704595, 29115.705352431207
121.2960000038147, 3475.387800704595, 29070.02320185785
121.30599999427795, 3475.387800704595, 29048.05076326385
126.87199997901917, 3475.387800704595, 28953.193185964567
128.76699995994568, 3475.387800704595, 28914.332372442408
128.77499985694885, 3475.387800704595, 28914.332372442408
128.79900002479553, 3475.387800704595, 28874.812231828262
135.33200001716614, 3475.387800704595, 28805.965937744437
135.3399999141693, 3475.387800704595, 28805.965937744437
140.59800004959106, 3475.387800704595, 28754.754820838443
140.6050000190735, 3475.387800704595, 28754.754820838443
140.61500000953674, 3475.387800704595, 28754.754820838443
146.32200002670288, 3475.387800704595, 28682.07046711189
146.32999992370605, 3475.387800704595, 28682.07046711189
146.3420000076294, 3475.387800704595, 28682.07046711189
148.97899985313416, 3475.387800704595, 28682.07046711189
152.0609998703003, 3475.387800704595, 28668.25542281809
154.84299993515015, 3475.387800704595, 28599.61649884108
165.54999995231628, 3475.387800704595, 28375.237429712568
172.90899991989136, 3475.387800704595, 28275.568927393637
176.83500003814697, 3475.387800704595, 28229.168054347334
176.8420000076294, 3475.387800704595, 28229.168054347334
176.84800004959106, 3475.387800704595, 28229.168054347334
176.85599994659424, 3475.387800704595, 28188.02977576836
176.86299991607666, 3475.387800704595, 28188.02977576836
176.86999988555908, 3475.387800704595, 28185.38884766687
180.83500003814697, 3475.387800704595, 28185.38884766687
189.260999917984, 3475.387800704595, 28075.31363297649
189.29099988937378, 3475.387800704595, 28055.85640343039
193.76600003242493, 3475.387800704595, 28054.14504583269
193.77199983596802, 3475.387800704595, 28054.14504583269
193.7849998474121, 3475.387800704595, 28054.14504583269
193.79999995231628, 3475.387800704595, 28054.14504583269
198.2149999141693, 3475.387800704595, 27980.786682790498
208.606999874115, 3475.387800704595, 27789.436200436747
213.19299983978271, 3475.387800704595, 27789.436200436747
219.6029999256134, 3475.387800704595, 27706.884693339576
225.70099997520447, 3475.387800704595, 27688.197541222282
225.73499989509583, 3475.387800704595, 27606.008868821915
231.6050000190735, 3475.387800704595, 27585.968930507745
231.63299989700317, 3475.387800704595, 27542.621258993102
237.77699995040894, 3475.387800704595, 27542.621258993102
237.7920000553131, 3475.387800704595, 27515.718976501357
237.80299997329712, 3475.387800704595, 27514.06546729874
243.22899985313416, 3475.387800704595, 27493.304534104907
243.25999999046326, 3475.387800704595, 27493.304534104907
250.3309998512268, 3475.387800704595, 27358.459188038254
250.33899998664856, 3475.387800704595, 27358.459188038254
263.414999961853, 3475.387800704595, 27214.287390870944
263.4370000362396, 3475.387800704595, 27197.127471065767
270.63699984550476, 3475.387800704595, 27086.787890983578
270.6559998989105, 3475.387800704595, 27081.314920638968
270.6729998588562, 3475.387800704595, 27081.314920638968
270.6909999847412, 3475.387800704595, 27069.941245486207
278.3129999637604, 3475.387800704595, 26983.128828444685
278.3239998817444, 3475.387800704595, 26964.639719649582
278.375, 3475.387800704595, 26956.961354316496
285.3989999294281, 3475.387800704595, 26956.961354316496
292.8609998226166, 3475.387800704595, 26724.457603180555
292.86899995803833, 3475.387800704595, 26717.566153386833
292.87599992752075, 3475.387800704595, 26717.566153386833
292.88699984550476, 3475.387800704595, 26717.566153386833
292.89800000190735, 3475.387800704595, 26710.04202211691
292.9059998989105, 3475.387800704595, 26710.04202211691
292.91299986839294, 3475.387800704595, 26710.04202211691
292.9210000038147, 3475.387800704595, 26710.04202211691
299.9389998912811, 3475.387800704595, 26651.807751138567
299.95899987220764, 3475.387800704595, 26636.784086857508
299.97000002861023, 3475.387800704595, 26522.08506188696
307.8880000114441, 3475.387800704595, 26498.23899079315
307.89299988746643, 3475.387800704595, 26498.23899079315
307.8989999294281, 3475.387800704595, 26498.23899079315
307.9099998474121, 3475.387800704595, 26498.23899079315
307.9229998588562, 3475.387800704595, 26485.298330176873
307.9409999847412, 3475.387800704595, 26472.24402996456
314.74699997901917, 3475.387800704595, 26401.718775040717
314.77300000190735, 3475.387800704595, 26389.68705486337
322.2699999809265, 3475.387800704595, 26361.926199038346
322.2760000228882, 3475.387800704595, 26361.926199038346
322.2809998989105, 3475.387800704595, 26361.926199038346
322.2939999103546, 3475.387800704595, 26359.518301522934
322.30599999427795, 3475.387800704595, 26359.518301522934
322.31699991226196, 3475.387800704595, 26359.518301522934
322.3269999027252, 3475.387800704595, 26359.518301522934
322.33799982070923, 3475.387800704595, 26154.007074627283
336.7019999027252, 3475.387800704595, 26035.943234253184
336.70899987220764, 3475.387800704595, 26035.943234253184
336.7170000076294, 3475.387800704595, 26035.943234253184
336.7259998321533, 3475.387800704595, 26016.536928624188
336.731999874115, 3475.387800704595, 26016.536928624188
336.73799991607666, 3475.387800704595, 26016.536928624188
336.7449998855591, 3475.387800704595, 26016.536928624188
336.75999999046326, 3475.387800704595, 26016.536928624188
336.77499985694885, 3475.387800704595, 26005.921221086028
336.80399990081787, 3475.387800704595, 26005.921221086028
336.80999994277954, 3475.387800704595, 26001.26762981653
344.15199995040894, 3475.387800704595, 25998.587176817502
344.1970000267029, 3475.387800704595, 25977.316669829725
351.5809998512268, 3475.387800704595, 25828.447803216826
351.58899998664856, 3475.387800704595, 25828.447803216826
351.59699988365173, 3475.387800704595, 25828.447803216826
351.62199997901917, 3475.387800704595, 25817.286576539736
358.7630000114441, 3475.387800704595, 25705.474314046347
358.79699993133545, 3475.387800704595, 25705.474314046347
358.8529999256134, 3475.387800704595, 25673.43551838178
365.99199986457825, 3475.387800704595, 25673.43551838178
373.7699999809265, 3475.387800704595, 25552.138555460864
373.779000043869, 3475.387800704595, 25552.138555460864
373.7920000553131, 3475.387800704595, 25552.138555460864
373.80399990081787, 3475.387800704595, 25552.138555460864
373.8120000362396, 3475.387800704595, 25552.138555460864
373.8239998817444, 3475.387800704595, 25541.669649477306
373.8369998931885, 3475.387800704595, 25541.669649477306
373.8439998626709, 3475.387800704595, 25541.669649477306
373.85599994659424, 3475.387800704595, 25535.572363224655
381.5479998588562, 3475.387800704595, 25488.265503406663
389.05399990081787, 3475.387800704595, 25448.483198010188
396.404000043869, 3475.387800704595, 25432.78477697493
396.44799995422363, 3475.387800704595, 25381.440242209992
396.45499992370605, 3475.387800704595, 25381.440242209992
396.4830000400543, 3475.387800704595, 25368.327402306546
396.50600004196167, 3475.387800704595, 25368.327402306546
396.5349998474121, 3475.387800704595, 25355.74518033551
403.55799984931946, 3475.387800704595, 25355.74518033551
403.5639998912811, 3475.387800704595, 25355.74518033551
403.56900000572205, 3475.387800704595, 25355.74518033551
403.5859999656677, 3475.387800704595, 25355.74518033551
403.595999956131, 3475.387800704595, 25355.74518033551
410.6989998817444, 3475.387800704595, 25283.208451658087
410.7059998512268, 3475.387800704595, 25248.045378896873
410.7109999656677, 3475.387800704595, 25248.045378896873
410.7409999370575, 3475.387800704595, 25248.045378896873
418.07999992370605, 3475.387800704595, 25186.848869616282
418.09999990463257, 3475.387800704595, 25186.848869616282
418.14400005340576, 3475.387800704595, 25159.63913064772
425.0420000553131, 3475.387800704595, 25148.42055761005
425.05200004577637, 3475.387800704595, 25148.42055761005
425.0620000362396, 3475.387800704595, 25148.42055761005
425.0720000267029, 3475.387800704595, 25148.42055761005
425.0939998626709, 3475.387800704595, 25148.42055761005
425.10199999809265, 3475.387800704595, 25148.42055761005
425.1080000400543, 3475.387800704595, 25148.42055761005
425.1399998664856, 3475.387800704595, 25137.647136930307
425.1559998989105, 3475.387800704595, 25137.647136930307
425.17199993133545, 3475.387800704595, 25137.647136930307
432.4099998474121, 3475.387800704595, 25068.10346377487
446.6970000267029, 3475.387800704595, 24917.860667955265
460.9059998989105, 3475.387800704595, 24837.186897351046
460.9189999103546, 3475.387800704595, 24837.186897351046
460.92899990081787, 3475.387800704595, 24837.186897351046
460.9370000362396, 3475.387800704595, 24837.186897351046
460.95700001716614, 3475.387800704595, 24834.49945020717
460.97199988365173, 3475.387800704595, 24834.49945020717
461.01199984550476, 3475.387800704595, 24833.985912994052
469.4340000152588, 3475.387800704595, 24771.108558322205
469.4649999141693, 3475.387800704595, 24770.75085531156
476.16299986839294, 3475.387800704595, 24731.1861442109
476.1879999637604, 3475.387800704595, 24731.1861442109
483.9059998989105, 3475.387800704595, 24692.43809699382
483.9249999523163, 3475.387800704595, 24690.285937075314
483.94400000572205, 3475.387800704595, 24690.285937075314
483.96299982070923, 3475.387800704595, 24682.557791643972
498.79299998283386, 3475.387800704595, 24609.261214385428
498.7979998588562, 3475.387800704595, 24609.261214385428
505.3179998397827, 3475.387800704595, 24593.85441174355
505.3659999370575, 3475.387800704595, 24585.790518528156
528.954999923706, 3475.387800704595, 24509.594622100856
535.7230000495911, 3475.387800704595, 24460.096311324014
542.6059999465942, 3475.387800704595, 24420.19056631823
542.6740000247955, 3475.387800704595, 24413.670287362576
550.180999994278, 3475.387800704595, 24408.42094965785
556.8379998207092, 3475.387800704595, 24383.70168905072
556.9270000457764, 3475.387800704595, 24355.531768169607
564.2269999980927, 3475.387800704595, 24355.531768169607
564.2449998855591, 3475.387800704595, 24355.531768169607
570.6510000228882, 3475.387800704595, 24317.888806693543
584.4489998817444, 3475.387800704595, 24275.35911432326
584.5309998989105, 3475.387800704595, 24270.464077987952
598.7489998340607, 3475.387800704595, 24239.21451081341
605.981999874115, 3475.387800704595, 24219.79059865445
620.0239999294281, 3475.387800704595, 24174.33445137555
627.4010000228882, 3475.387800704595, 24146.939692522916
627.4110000133514, 3475.387800704595, 24146.939692522916
634.0650000572205, 3475.387800704595, 24131.680498597278
634.1180000305176, 3475.387800704595, 24117.633976036028
641.1640000343323, 3475.387800704595, 24103.42150973375
641.1770000457764, 3475.387800704595, 24103.42150973375
641.2089998722076, 3475.387800704595, 24103.42150973375
641.2230000495911, 3475.387800704595, 24103.42150973375
654.452999830246, 3475.387800704595, 24061.37324870256
654.5019998550415, 3475.387800704595, 24054.943604330318
668.2929999828339, 3475.387800704595, 24013.051425860664
668.2990000247955, 3475.387800704595, 24013.051425860664
668.3049998283386, 3475.387800704595, 24013.051425860664
668.3120000362396, 3475.387800704595, 24006.22067441556
668.3179998397827, 3475.387800704595, 24006.22067441556
668.3320000171661, 3475.387800704595, 24006.22067441556
668.3509998321533, 3475.387800704595, 24003.070028789767
668.3559999465942, 3475.387800704595, 23999.179168294326
668.3819999694824, 3475.387800704595, 23999.179168294326
668.3910000324249, 3475.387800704595, 23992.95438449173
668.4049999713898, 3475.387800704595, 23992.95438449173
676.0999999046326, 3475.387800704595, 23971.018759401522
676.1349999904633, 3475.387800704595, 23966.396038222418
676.1679999828339, 3475.387800704595, 23966.396038222418
682.3199999332428, 3475.387800704595, 23956.225174220115
682.3339998722076, 3475.387800704595, 23956.225174220115
689.5929999351501, 3475.387800704595, 23937.128081973
702.970999956131, 3475.387800704595, 23888.80959493033
702.9849998950958, 3475.387800704595, 23888.80959493033
702.9900000095367, 3475.387800704595, 23888.80959493033
703.0099999904633, 3475.387800704595, 23888.80959493033
703.0439999103546, 3475.387800704595, 23882.96927448835
703.0659999847412, 3475.387800704595, 23882.96927448835
703.0809998512268, 3475.387800704595, 23867.929828081673
710.1719999313354, 3475.387800704595, 23867.929828081673
710.1799998283386, 3475.387800704595, 23856.77037433479
723.5239999294281, 3475.387800704595, 23811.266866950948
723.5469999313354, 3475.387800704595, 23811.20461544041
730.8259999752045, 3475.387800704595, 23763.416173381556
737.5160000324249, 3475.387800704595, 23763.416173381556
737.5260000228882, 3475.387800704595, 23763.416173381556
743.8480000495911, 3475.387800704595, 23749.4527937089
750.856999874115, 3475.387800704595, 23712.988611181223
750.8699998855591, 3475.387800704595, 23712.988611181223
750.8839998245239, 3475.387800704595, 23712.988611181223
764.9759998321533, 3475.387800704595, 23639.945205155218
771.7999999523163, 3475.387800704595, 23629.465098615317
771.816999912262, 3475.387800704595, 23629.114510816315
778.8759999275208, 3475.387800704595, 23607.288807285335
778.8889999389648, 3475.387800704595, 23607.288807285335
792.1029999256134, 3475.387800704595, 23545.046252985903
805.5999999046326, 3475.387800704595, 23516.71815604821
805.6289999485016, 3475.387800704595, 23516.71815604821
812.5859999656677, 3475.387800704595, 23516.71815604821
812.5980000495911, 3475.387800704595, 23516.71815604821
818.7949998378754, 3475.387800704595, 23505.214603693817
818.8029999732971, 3475.387800704595, 23505.214603693817
818.8109998703003, 3475.387800704595, 23505.214603693817
818.8289999961853, 3475.387800704595, 23505.214603693817
818.8469998836517, 3475.387800704595, 23505.214603693817
818.8550000190735, 3475.387800704595, 23505.214603693817
818.8629999160767, 3475.387800704595, 23505.214603693817
818.8699998855591, 3475.387800704595, 23505.214603693817
818.8829998970032, 3475.387800704595, 23505.214603693817
825.9429998397827, 3475.387800704595, 23484.288324269233
825.9609999656677, 3475.387800704595, 23477.861946861634
825.9879999160767, 3475.387800704595, 23476.786480976913
832.2339999675751, 3475.387800704595, 23466.15501724664
839.4609999656677, 3475.387800704595, 23414.586464712986
845.7489998340607, 3475.387800704595, 23390.626648747246
852.8999998569489, 3475.387800704595, 23373.151776508737
859.6819999217987, 3475.387800704595, 23363.753127802436
859.7070000171661, 3475.387800704595, 23359.137001016556
859.7189998626709, 3475.387800704595, 23344.674201587626
859.7289998531342, 3475.387800704595, 23328.22949884738
880.5539999008179, 3475.387800704595, 23267.534334838852
894.0149998664856, 3475.387800704595, 23206.159137179206
901.1599998474121, 3475.387800704595, 23204.949349217582
914.2990000247955, 3475.387800704595, 23174.34937747854
928.5139999389648, 3475.387800704595, 23118.40169561263
928.539999961853, 3475.387800704595, 23118.140754391556
928.5599999427795, 3475.387800704595, 23118.140754391556
928.566999912262, 3475.387800704595, 23118.140754391556
928.5739998817444, 3475.387800704595, 23118.140754391556
928.5920000076294, 3475.387800704595, 23118.140754391556
928.6029999256134, 3475.387800704595, 23118.140754391556
935.441999912262, 3475.387800704595, 23091.253658057714
935.4830000400543, 3475.387800704595, 23091.253658057714
956.2549998760223, 3475.387800704595, 23031.583068174757
956.2890000343323, 3475.387800704595, 23028.68508025888
956.3109998703003, 3475.387800704595, 22994.029405454465
962.9089999198914, 3475.387800704595, 22976.466064321718
969.579999923706, 3475.387800704595, 22976.466064321718
969.5869998931885, 3475.387800704595, 22976.466064321718
969.5939998626709, 3475.387800704595, 22973.848074265574
969.6019999980927, 3475.387800704595, 22968.0674971347
969.6119999885559, 3475.387800704595, 22968.0674971347
969.6269998550415, 3475.387800704595, 22968.0674971347
969.6399998664856, 3475.387800704595, 22967.02599993149
969.6510000228882, 3475.387800704595, 22966.70954518469
976.1449999809265, 3475.387800704595, 22951.883628029846
976.1979999542236, 3475.387800704595, 22950.372455550798
990.566999912262, 3475.387800704595, 22916.03801126653
990.5820000171661, 3475.387800704595, 22911.62920288467
990.6050000190735, 3475.387800704595, 22910.794945064907
997.4689998626709, 3475.387800704595, 22894.767548506086
997.4909999370575, 3475.387800704595, 22894.767548506086
997.4989998340607, 3475.387800704595, 22894.767548506086
1004.2829999923706, 3475.387800704595, 22871.65007150264
1004.3199999332428, 3475.387800704595, 22867.546985482233
1010.8849999904633, 3475.387800704595, 22853.279816132002
1017.6289999485016, 3475.387800704595, 22840.668917901552
1037.12299990654, 3475.387800704595, 22775.445564823403
1044.4279999732971, 3475.387800704595, 22755.891408587777
1044.4570000171661, 3475.387800704595, 22755.891408587777
1044.4679999351501, 3475.387800704595, 22755.891408587777
1057.9789998531342, 3475.387800704595, 22704.33965987573
1078.3079998493195, 3475.387800704595, 22655.602815450144
1078.3129999637604, 3475.387800704595, 22655.602815450144
1078.3209998607635, 3475.387800704595, 22655.602815450144
1078.3309998512268, 3475.387800704595, 22655.602815450144
1078.345999956131, 3475.387800704595, 22655.602815450144
1078.358999967575, 3475.387800704595, 22655.602815450144
1084.7289998531342, 3475.387800704595, 22640.84830533578
1084.7379999160767, 3475.387800704595, 22640.84830533578
1098.3669998645782, 3475.387800704595, 22587.78447076548
1098.3959999084473, 3475.387800704595, 22587.671114985937
1098.4159998893738, 3475.387800704595, 22586.512132253334
1105.1579999923706, 3475.387800704595, 22571.349922095695
1112.3129999637604, 3475.387800704595, 22558.557234041367
1126.220999956131, 3475.387800704595, 22500.531557653194
1132.87299990654, 3475.387800704595, 22497.081005051074
1139.9359998703003, 3475.387800704595, 22493.413091619153
1139.9779999256134, 3475.387800704595, 22486.119964058453
1139.9919998645782, 3475.387800704595, 22486.119964058453
1146.7359998226166, 3475.387800704595, 22464.96335347406
1153.4969999790192, 3475.387800704595, 22445.74830508785
1160.013000011444, 3475.387800704595, 22431.276114210206
1160.0409998893738, 3475.387800704595, 22430.24936979014
1173.8259999752045, 3475.387800704595, 22394.16311581037
1173.8379998207092, 3475.387800704595, 22394.16311581037
1173.901999950409, 3475.387800704595, 22391.114459135875
1181.3150000572205, 3475.387800704595, 22389.2813162188
1202.3469998836517, 3475.387800704595, 22333.25773557591
1209.494999885559, 3475.387800704595, 22306.06950070933
1223.1080000400543, 3475.387800704595, 22257.242400556082
1229.9429998397827, 3475.387800704595, 22253.8122288846
1236.680999994278, 3475.387800704595, 22253.8122288846
1236.6879999637604, 3475.387800704595, 22253.8122288846
1236.694000005722, 3475.387800704595, 22253.8122288846
1236.6989998817444, 3475.387800704595, 22253.8122288846
1236.710000038147, 3475.387800704595, 22253.8122288846
1236.7279999256134, 3475.387800704595, 22253.8122288846
1236.7460000514984, 3475.387800704595, 22233.52213607668
1236.7599999904633, 3475.387800704595, 22233.52213607668
1236.7669999599457, 3475.387800704595, 22233.52213607668
1236.7890000343323, 3475.387800704595, 22233.52213607668
1244.5019998550415, 3475.387800704595, 22213.203881694804
1244.5279998779297, 3475.387800704595, 22212.19142072405
1251.760999917984, 3475.387800704595, 22195.630248238613
1251.8049998283386, 3475.387800704595, 22195.630248238613
1258.5769999027252, 3475.387800704595, 22173.798434867946
1272.1789999008179, 3475.387800704595, 22132.569042733954
1272.2009999752045, 3475.387800704595, 22132.569042733954
1279.5529999732971, 3475.387800704595, 22129.532322100455
1279.5609998703003, 3475.387800704595, 22129.532322100455
1279.569000005722, 3475.387800704595, 22129.532322100455
1279.6009998321533, 3475.387800704595, 22119.45701696881
1279.6269998550415, 3475.387800704595, 22097.839997942305
1286.1719999313354, 3475.387800704595, 22097.839997942305
1286.1779999732971, 3475.387800704595, 22097.839997942305
1292.731999874115, 3475.387800704595, 22091.295223624726
1292.7379999160767, 3475.387800704595, 22091.295223624726
1292.7430000305176, 3475.387800704595, 22089.249338139147
1292.7489998340607, 3475.387800704595, 22088.813163671046
1292.7560000419617, 3475.387800704595, 22088.813163671046
1300.2259998321533, 3475.387800704595, 22088.813163671046
1307.7639999389648, 3475.387800704595, 22064.65935752524
1307.784999847412, 3475.387800704595, 22061.57824907234
1328.710000038147, 3475.387800704595, 22038.660530738023
1335.5, 3475.387800704595, 22007.92044316741
1335.5429999828339, 3475.387800704595, 21982.16942794139
1364.1859998703003, 3475.387800704595, 21939.120601911254
1364.191999912262, 3475.387800704595, 21939.120601911254
1378.619999885559, 3475.387800704595, 21904.207292124243
1378.6310000419617, 3475.387800704595, 21902.789593641915
1378.6369998455048, 3475.387800704595, 21902.789593641915
1378.6480000019073, 3475.387800704595, 21902.789593641915
1378.662999868393, 3475.387800704595, 21902.789593641915
1378.6699998378754, 3475.387800704595, 21902.789593641915
1378.6819999217987, 3475.387800704595, 21902.277240536343
1378.6970000267029, 3475.387800704595, 21902.277240536343
1378.7109999656677, 3475.387800704595, 21895.475996060697
1378.7179999351501, 3475.387800704595, 21895.475996060697
1385.6169998645782, 3475.387800704595, 21892.29924062975
1392.6050000190735, 3475.387800704595, 21868.23362864947
1413.7439999580383, 3475.387800704595, 21819.79427212401
1420.4789998531342, 3475.387800704595, 21803.387680399297
1427.8379998207092, 3475.387800704595, 21788.22569803175
1427.845999956131, 3475.387800704595, 21787.023968202
1427.87299990654, 3475.387800704595, 21787.023968202
1427.8980000019073, 3475.387800704595, 21785.416417216435
1434.7379999160767, 3475.387800704595, 21785.416417216435
1434.75, 3475.387800704595, 21785.416417216435
1434.7560000419617, 3475.387800704595, 21779.75075070648
1434.787999868393, 3475.387800704595, 21779.75075070648
1434.8049998283386, 3475.387800704595, 21778.213598596958
1434.8259999752045, 3475.387800704595, 21778.213598596958
1449.2439999580383, 3475.387800704595, 21760.110808559013
1462.8959999084473, 3475.387800704595, 21716.98593834477
1462.9029998779297, 3475.387800704595, 21716.98593834477
1462.9140000343323, 3475.387800704595, 21716.98593834477
1462.9299998283386, 3475.387800704595, 21716.98593834477
1462.9479999542236, 3475.387800704595, 21716.98593834477
1470.0739998817444, 3475.387800704595, 21687.585220961308
1477.4199998378754, 3475.387800704595, 21685.50423624522
1477.4340000152588, 3475.387800704595, 21683.58282681916
1477.4639999866486, 3475.387800704595, 21676.601016153112
1484.9210000038147, 3475.387800704595, 21676.601016153112
1484.9409999847412, 3475.387800704595, 21674.2645406735
1484.9649999141693, 3475.387800704595, 21671.07474978426
1484.9800000190735, 3475.387800704595, 21671.07474978426
1484.9939999580383, 3475.387800704595, 21671.07474978426
1485.0060000419617, 3475.387800704595, 21667.218250690596
1499.3109998703003, 3475.387800704595, 21632.771298814154
1514.0679998397827, 3475.387800704595, 21604.820663747527
1529.662999868393, 3475.387800704595, 21577.88132309079
1536.46599984169, 3475.387800704595, 21564.16778126925
1536.4739999771118, 3475.387800704595, 21564.16778126925
1536.4809999465942, 3475.387800704595, 21564.16778126925
1536.5209999084473, 3475.387800704595, 21559.94719975366
1543.7749998569489, 3475.387800704595, 21542.929079888898
1543.7960000038147, 3475.387800704595, 21541.96923685815
1551.648999929428, 3475.387800704595, 21532.096955640576
1551.6909999847412, 3475.387800704595, 21532.096955640576
1558.4049999713898, 3475.387800704595, 21520.680867483876
1558.4359998703003, 3475.387800704595, 21518.482972816746
1565.24799990654, 3475.387800704595, 21501.2169975914
1565.2960000038147, 3475.387800704595, 21499.37932306308
1572.2419998645782, 3475.387800704595, 21481.774289546738
1572.2839999198914, 3475.387800704595, 21479.543151858667
1593.0309998989105, 3475.387800704595, 21448.743457661258
1593.0629999637604, 3475.387800704595, 21445.652671232965
1593.0820000171661, 3475.387800704595, 21433.541905461283
1607.5579998493195, 3475.387800704595, 21427.347807702103
1607.5859999656677, 3475.387800704595, 21423.725951838584
1621.5679998397827, 3475.387800704595, 21398.911041808027
1629.2690000534058, 3475.387800704595, 21374.282683202517
1636.7669999599457, 3475.387800704595, 21367.892120773602
1636.7829999923706, 3475.387800704595, 21364.092954982043
1636.789999961853, 3475.387800704595, 21364.092954982043
1644.2109999656677, 3475.387800704595, 21361.182348026217
1644.2259998321533, 3475.387800704595, 21357.08289041392
1651.6369998455048, 3475.387800704595, 21350.31805714471
1658.641000032425, 3475.387800704595, 21350.31805714471
1680.1210000514984, 3475.387800704595, 21292.63764655242
1680.1280000209808, 3475.387800704595, 21292.63764655242
1680.1610000133514, 3475.387800704595, 21277.38312768066
1687.5119998455048, 3475.387800704595, 21275.45246421147
1701.6109998226166, 3475.387800704595, 21260.398836266682
1709.039999961853, 3475.387800704595, 21246.019711262372
1709.0659999847412, 3475.387800704595, 21245.223407915826
1716.4349999427795, 3475.387800704595, 21245.223407915826
1738.5529999732971, 3475.387800704595, 21196.130905460977
1745.3109998703003, 3475.387800704595, 21191.813702713156
1769.180999994278, 3475.387800704595, 21140.80655177278
1769.1849999427795, 3475.387800704595, 21140.80655177278
1769.218999862671, 3475.387800704595, 21139.720782699307
1776.4830000400543, 3475.387800704595, 21133.708828577568
1776.4969999790192, 3475.387800704595, 21133.708828577568
1798.3599998950958, 3475.387800704595, 21095.959258358325
1819.5739998817444, 3475.387800704595, 21053.741857171743
1826.664999961853, 3475.387800704595, 21045.60309932847
1826.6989998817444, 3475.387800704595, 21045.60309932847
1833.9789998531342, 3475.387800704595, 21029.51470875198
1833.9849998950958, 3475.387800704595, 21029.51470875198
1833.9930000305176, 3475.387800704595, 21027.082462545954
1841.2200000286102, 3475.387800704595, 21024.86498931945
1848.6419999599457, 3475.387800704595, 20998.571893461914
1857.029000043869, 3475.387800704595, 20984.792129254547
1864.5490000247955, 3475.387800704595, 20981.453045232676
1864.5590000152588, 3475.387800704595, 20981.453045232676
1864.566999912262, 3475.387800704595, 20981.453045232676
1864.5859999656677, 3475.387800704595, 20980.12459946763
1864.595999956131, 3475.387800704595, 20980.12459946763
1872.409999847412, 3475.387800704595, 20964.43773004842
1886.8739998340607, 3475.387800704595, 20947.667255722445
1886.8789999485016, 3475.387800704595, 20947.667255722445
1886.8899998664856, 3475.387800704595, 20946.966134761096
1886.898999929428, 3475.387800704595, 20946.966134761096
1886.9069998264313, 3475.387800704595, 20946.43049180542
1886.9140000343323, 3475.387800704595, 20946.43049180542
1886.9229998588562, 3475.387800704595, 20945.374735002988
1886.9329998493195, 3475.387800704595, 20945.374735002988
1886.9449999332428, 3475.387800704595, 20945.374735002988
1886.96599984169, 3475.387800704595, 20944.705109098406
1886.981999874115, 3475.387800704595, 20944.705109098406
1894.619999885559, 3475.387800704595, 20935.160656104526
1894.6319999694824, 3475.387800704595, 20934.753752850458
1902.1029999256134, 3475.387800704595, 20926.856673620667
1902.1099998950958, 3475.387800704595, 20926.856673620667
1902.1189999580383, 3475.387800704595, 20926.856673620667
1902.125, 3475.387800704595, 20926.856673620667
1902.1319999694824, 3475.387800704595, 20926.856673620667
1902.1440000534058, 3475.387800704595, 20926.2677936126
1902.1640000343323, 3475.387800704595, 20926.2677936126
1902.191999912262, 3475.387800704595, 20910.913342740318
1909.276999950409, 3475.387800704595, 20910.913342740318
1931.6259999275208, 3475.387800704595, 20867.978337752313
1931.6329998970032, 3475.387800704595, 20867.978337752313
1931.6429998874664, 3475.387800704595, 20867.34995509542
1931.654000043869, 3475.387800704595, 20866.304323912733
1931.6679999828339, 3475.387800704595, 20865.274583327588
1931.691999912262, 3475.387800704595, 20864.169426005818
1939.3769998550415, 3475.387800704595, 20861.4052359473
1947.1989998817444, 3475.387800704595, 20841.99392592657
1947.2359998226166, 3475.387800704595, 20840.69172965035
1947.2419998645782, 3475.387800704595, 20840.69172965035
1954.1129999160767, 3475.387800704595, 20840.69172965035
1962.141000032425, 3475.387800704595, 20835.698957369503
1962.1449999809265, 3475.387800704595, 20835.698957369503
1962.1510000228882, 3475.387800704595, 20835.698957369503
1969.7300000190735, 3475.387800704595, 20804.043666791444
2013.6329998970032, 3475.387800704595, 20736.422458994137
2021.3559999465942, 3475.387800704595, 20730.161288723815
2035.5820000171661, 3475.387800704595, 20723.629716597545
2035.59099984169, 3475.387800704595, 20715.73939455842
2035.5989999771118, 3475.387800704595, 20715.73939455842
2035.608999967575, 3475.387800704595, 20715.73939455842
2035.6169998645782, 3475.387800704595, 20715.73939455842
2035.6269998550415, 3475.387800704595, 20715.73939455842
2035.6369998455048, 3475.387800704595, 20713.200100450264
2035.6419999599457, 3475.387800704595, 20713.200100450264
2035.6529998779297, 3475.387800704595, 20705.885992558866
2042.7579998970032, 3475.387800704595, 20701.631819509363
2042.7649998664856, 3475.387800704595, 20701.631819509363
2049.7599999904633, 3475.387800704595, 20685.531950880264
2049.7779998779297, 3475.387800704595, 20679.19876035133
2057.151999950409, 3475.387800704595, 20668.32513659742
2057.1610000133514, 3475.387800704595, 20668.32513659742
2064.8980000019073, 3475.387800704595, 20666.94009701237
2072.7839999198914, 3475.387800704595, 20663.638820489366
2072.8129999637604, 3475.387800704595, 20663.084489067274
2086.8369998931885, 3475.387800704595, 20640.371677601997
2094.3919999599457, 3475.387800704595, 20632.629920367464
2102.7519998550415, 3475.387800704595, 20624.910599723957
2118.109999895096, 3475.387800704595, 20603.826995066305
2125.803999900818, 3475.387800704595, 20592.855594356755
2140.6150000095367, 3475.387800704595, 20571.71239659082
2147.8099999427795, 3475.387800704595, 20561.42200106116
2154.984999895096, 3475.387800704595, 20549.35523187428
2154.9939999580383, 3475.387800704595, 20549.35523187428
2162.960000038147, 3475.387800704595, 20531.990749803434
2162.9830000400543, 3475.387800704595, 20530.85564631686
2170.8420000076294, 3475.387800704595, 20525.85199063523
2178.2829999923706, 3475.387800704595, 20520.739190905595
2178.2939999103546, 3475.387800704595, 20520.739190905595
2178.303999900818, 3475.387800704595, 20520.739190905595
2178.332999944687, 3475.387800704595, 20515.79243925074
2185.6870000362396, 3475.387800704595, 20508.31441585804
2193.3289999961853, 3475.387800704595, 20503.996702310353
2193.34299993515, 3475.387800704595, 20496.609543844083
2209.460000038147, 3475.387800704595, 20484.810281209117
2209.468999862671, 3475.387800704595, 20482.80018729188
2224.928999900818, 3475.387800704595, 20458.554017991417
2232.21599984169, 3475.387800704595, 20452.304738503975
2232.2269999980927, 3475.387800704595, 20452.304738503975
2232.234999895096, 3475.387800704595, 20452.304738503975
2232.2599999904633, 3475.387800704595, 20448.78567620147
2240.1289999485016, 3475.387800704595, 20439.16525463476
2270.7259998321533, 3475.387800704595, 20405.26932772628
2270.7300000190735, 3475.387800704595, 20405.26932772628
2270.7430000305176, 3475.387800704595, 20405.26932772628
2278.4299998283386, 3475.387800704595, 20397.019714610607
2278.451999902725, 3475.387800704595, 20397.019714610607
2278.4779999256134, 3475.387800704595, 20391.83356286829
2301.4879999160767, 3475.387800704595, 20369.20871940134
2301.5, 3475.387800704595, 20366.792877368538
2308.8919999599457, 3475.387800704595, 20351.110457914903
2308.899999856949, 3475.387800704595, 20351.110457914903
2308.912999868393, 3475.387800704595, 20349.412964727766
2308.9240000247955, 3475.387800704595, 20349.412964727766
2316.5199999809265, 3475.387800704595, 20343.937403063104
2324.0650000572205, 3475.387800704595, 20334.895444143935
2324.0750000476837, 3475.387800704595, 20333.91099299657
2324.0889999866486, 3475.387800704595, 20333.91099299657
2331.5579998493195, 3475.387800704595, 20331.413732647397
2331.563999891281, 3475.387800704595, 20331.413732647397
2346.9489998817444, 3475.387800704595, 20311.57356160947
2346.9589998722076, 3475.387800704595, 20311.57356160947
2361.800999879837, 3475.387800704595, 20293.504369148268
2361.8120000362396, 3475.387800704595, 20293.504369148268
2361.8179998397827, 3475.387800704595, 20292.369238581745
2361.832999944687, 3475.387800704595, 20291.288272924634
2361.84099984169, 3475.387800704595, 20291.288272924634
2361.853999853134, 3475.387800704595, 20284.951169320077
2369.3020000457764, 3475.387800704595, 20283.61165798943
2384.559000015259, 3475.387800704595, 20271.74888558099
2384.5789999961853, 3475.387800704595, 20268.06231260469
2384.5999999046326, 3475.387800704595, 20268.06231260469
2391.6849999427795, 3475.387800704595, 20267.061413485135
2398.9900000095367, 3475.387800704595, 20252.083685333062
2414.6870000362396, 3475.387800704595, 20238.51184546455
2414.707000017166, 3475.387800704595, 20235.65671656264
2414.7509999275208, 3475.387800704595, 20226.340691250996
2414.757999897003, 3475.387800704595, 20226.340691250996
2414.7619998455048, 3475.387800704595, 20226.340691250996
2430.25, 3475.387800704595, 20207.29232744853
2445.2219998836517, 3475.387800704595, 20193.904810250227
2461.5950000286102, 3475.387800704595, 20180.32080028579
2461.598999977112, 3475.387800704595, 20180.32080028579
2461.6019999980927, 3475.387800704595, 20180.32080028579
2469.082999944687, 3475.387800704595, 20174.535536987434
2477.34099984169, 3475.387800704595, 20163.588232708917
2485.2330000400543, 3475.387800704595, 20156.714031002488
2485.2400000095367, 3475.387800704595, 20156.714031002488
2485.2489998340607, 3475.387800704595, 20156.714031002488
2485.257999897003, 3475.387800704595, 20156.714031002488
2485.266000032425, 3475.387800704595, 20156.714031002488
2485.271999835968, 3475.387800704595, 20156.714031002488
2485.2799999713898, 3475.387800704595, 20154.839554015693
2485.297999858856, 3475.387800704595, 20151.75827773794
2485.3079998493195, 3475.387800704595, 20149.506007765547
2492.4429998397827, 3475.387800704595, 20149.506007765547
2507.8849999904633, 3475.387800704595, 20141.281069106666
2507.9089999198914, 3475.387800704595, 20141.281069106666
2507.9370000362396, 3475.387800704595, 20141.281069106666
2515.7649998664856, 3475.387800704595, 20123.901365327132
2523.151000022888, 3475.387800704595, 20117.919377177805
2523.159999847412, 3475.387800704595, 20115.65002311152
2523.165999889374, 3475.387800704595, 20114.495937767697
2530.1050000190735, 3475.387800704595, 20114.495937767697
2530.111999988556, 3475.387800704595, 20114.495937767697
2530.1169998645782, 3475.387800704595, 20114.495937767697
2530.1239998340607, 3475.387800704595, 20114.495937767697
2530.1299998760223, 3475.387800704595, 20114.495937767697
2537.9629998207092, 3475.387800704595, 20114.495937767697
2537.968999862671, 3475.387800704595, 20114.495937767697
2537.9749999046326, 3475.387800704595, 20114.495937767697
2537.984999895096, 3475.387800704595, 20114.495937767697
2537.996999979019, 3475.387800704595, 20114.495937767697
2538.007999897003, 3475.387800704595, 20107.29431484875
2538.013999938965, 3475.387800704595, 20107.29431484875
2538.0179998874664, 3475.387800704595, 20107.29431484875
2553.2009999752045, 3475.387800704595, 20092.063565892884
2561.5279998779297, 3475.387800704595, 20087.171102987104
2561.5360000133514, 3475.387800704595, 20087.171102987104
2568.951999902725, 3475.387800704595, 20082.607680677564
2576.292000055313, 3475.387800704595, 20073.631123310057
2576.300999879837, 3475.387800704595, 20073.631123310057
2576.3069999217987, 3475.387800704595, 20073.631123310057
2584.1770000457764, 3475.387800704595, 20066.41930285328
2584.191999912262, 3475.387800704595, 20061.280299326092
2592.3399999141693, 3475.387800704595, 20047.714084547533
2600.6080000400543, 3475.387800704595, 20037.12306414744
2600.6429998874664, 3475.387800704595, 20037.069780278558
2608.537999868393, 3475.387800704595, 20036.639281670352
2608.5569999217987, 3475.387800704595, 20034.16993901685
2615.9939999580383, 3475.387800704595, 20025.28989449487
2624.440999984741, 3475.387800704595, 20019.812458676464
2632.3629999160767, 3475.387800704595, 20007.190520068398
2640.149999856949, 3475.387800704595, 20004.325723696813
2656.2690000534058, 3475.387800704595, 19982.584272077787
2656.297999858856, 3475.387800704595, 19977.707239560565
2664.5469999313354, 3475.387800704595, 19974.17104148817
2672.369999885559, 3475.387800704595, 19965.77159416766
2672.3810000419617, 3475.387800704595, 19965.77159416766
2672.388999938965, 3475.387800704595, 19965.77159416766
2672.3949999809265, 3475.387800704595, 19965.77159416766
2672.4049999713898, 3475.387800704595, 19963.201504067052
2672.411999940872, 3475.387800704595, 19963.201504067052
2672.415999889374, 3475.387800704595, 19963.201504067052
2672.425999879837, 3475.387800704595, 19963.201504067052
2680.917999982834, 3475.387800704595, 19951.188553728538
2688.7990000247955, 3475.387800704595, 19947.46222262356
2688.8099999427795, 3475.387800704595, 19947.46222262356
2696.5339999198914, 3475.387800704595, 19926.26617413527
2728.4140000343323, 3475.387800704595, 19889.53684004319
2728.427999973297, 3475.387800704595, 19889.003574403683
2736.9629998207092, 3475.387800704595, 19884.993721202216
2744.3710000514984, 3475.387800704595, 19878.767249233544
2744.3949999809265, 3475.387800704595, 19877.813542115753
2752.359999895096, 3475.387800704595, 19870.96220638259
2767.287999868393, 3475.387800704595, 19858.282196911634
2775.378000020981, 3475.387800704595, 19850.860984732837
2782.911999940872, 3475.387800704595, 19842.863633517074
2790.8639998435974, 3475.387800704595, 19836.66815567003
2790.875, 3475.387800704595, 19836.66815567003
2798.5449998378754, 3475.387800704595, 19834.05889130437
2798.552999973297, 3475.387800704595, 19830.06071521502
2798.593999862671, 3475.387800704595, 19827.51572977063
2806.0209999084473, 3475.387800704595, 19821.406805034425
2830.146999835968, 3475.387800704595, 19788.13689266374
2854.069999933243, 3475.387800704595, 19766.875965922503
2862.065999984741, 3475.387800704595, 19763.56149042555
2862.0750000476837, 3475.387800704595, 19763.56149042555
2862.080999851227, 3475.387800704595, 19763.56149042555
2862.0869998931885, 3475.387800704595, 19763.56149042555
2862.093999862671, 3475.387800704595, 19761.627084555523
2862.098999977112, 3475.387800704595, 19761.627084555523
2862.1050000190735, 3475.387800704595, 19761.627084555523
2862.1169998645782, 3475.387800704595, 19759.99049916617
2862.125, 3475.387800704595, 19759.6276607949
2870.4249999523163, 3475.387800704595, 19757.518084929605
2870.4479999542236, 3475.387800704595, 19756.323373465977
2878.628000020981, 3475.387800704595, 19745.987184084646
2878.635999917984, 3475.387800704595, 19745.987184084646
2878.6440000534058, 3475.387800704595, 19745.375099586425
2886.697000026703, 3475.387800704595, 19741.93022873408
2910.7860000133514, 3475.387800704595, 19711.824077668225
2918.646999835968, 3475.387800704595, 19705.365651639193
2934.625, 3475.387800704595, 19683.47707753195
2934.6319999694824, 3475.387800704595, 19683.47707753195
2973.1770000457764, 3475.387800704595, 19644.055595046015
2981.0190000534058, 3475.387800704595, 19639.46294484526
2997.9759998321533, 3475.387800704595, 19623.625626053665
3005.885999917984, 3475.387800704595, 19616.666367942584
3005.9199998378754, 3475.387800704595, 19614.31670409384
3013.7619998455048, 3475.387800704595, 19608.614415951877
3013.7679998874664, 3475.387800704595, 19608.614415951877
3013.774999856949, 3475.387800704595, 19606.66919389919
3013.7799999713898, 3475.387800704595, 19606.66919389919
3013.7860000133514, 3475.387800704595, 19606.66919389919
3013.7960000038147, 3475.387800704595, 19606.66919389919
3013.8079998493195, 3475.387800704595, 19606.66919389919
3013.8179998397827, 3475.387800704595, 19606.66919389919
3021.7109999656677, 3475.387800704595, 19600.120837806415
3029.3639998435974, 3475.387800704595, 19593.736243770272
3029.3810000419617, 3475.387800704595, 19593.736243770272
3037.300999879837, 3475.387800704595, 19593.736243770272
3053.066999912262, 3475.387800704595, 19573.439630204757
3060.667999982834, 3475.387800704595, 19553.083504391387
3068.430999994278, 3475.387800704595, 19553.083504391387
3068.440999984741, 3475.387800704595, 19552.431574474853
3068.4459998607635, 3475.387800704595, 19552.431574474853
3076.3389999866486, 3475.387800704595, 19544.85233244989
3092.4989998340607, 3475.387800704595, 19525.692464390977
3092.5060000419617, 3475.387800704595, 19525.692464390977
3092.5099999904633, 3475.387800704595, 19525.692464390977
3092.5169999599457, 3475.387800704595, 19525.692464390977
3092.523999929428, 3475.387800704595, 19525.692464390977
3092.5319998264313, 3475.387800704595, 19525.692464390977
3092.542999982834, 3475.387800704595, 19525.54083719903
3092.553999900818, 3475.387800704595, 19525.54083719903
3101.0629999637604, 3475.387800704595, 19525.54083719903
3101.069999933243, 3475.387800704595, 19523.651424981923
3109.411999940872, 3475.387800704595, 19523.651424981923
3126.072000026703, 3475.387800704595, 19500.692756224074
3134.7779998779297, 3475.387800704595, 19497.20491178139
3134.7829999923706, 3475.387800704595, 19497.20491178139
3134.7890000343323, 3475.387800704595, 19497.20491178139
3159.758999824524, 3475.387800704595, 19464.58562691459
3159.7669999599457, 3475.387800704595, 19464.58562691459
3159.776999950409, 3475.387800704595, 19463.665242231615
3159.7860000133514, 3475.387800704595, 19463.665242231615
3159.792999982834, 3475.387800704595, 19463.665242231615
3159.8079998493195, 3475.387800704595, 19463.665242231615
3159.822000026703, 3475.387800704595, 19463.665242231615
3168.608999967575, 3475.387800704595, 19460.163679710153
3184.5679998397827, 3475.387800704595, 19447.1281005241
3184.606999874115, 3475.387800704595, 19441.507321027322
3200.802999973297, 3475.387800704595, 19425.58727425748
3217.149999856949, 3475.387800704595, 19416.089050346473
3217.167999982834, 3475.387800704595, 19413.789904106663
3224.927999973297, 3475.387800704595, 19408.858741630156
3242.34099984169, 3475.387800704595, 19392.32654933795
3258.524999856949, 3475.387800704595, 19384.406258645693
3266.348000049591, 3475.387800704595, 19383.011347483007
3266.3789999485016, 3475.387800704595, 19381.17569871781
3282.771999835968, 3475.387800704595, 19367.651481803412
3282.7809998989105, 3475.387800704595, 19367.651481803412
3282.7860000133514, 3475.387800704595, 19367.651481803412
3282.792999982834, 3475.387800704595, 19367.651481803412
3282.803999900818, 3475.387800704595, 19367.651481803412
3282.8150000572205, 3475.387800704595, 19367.651481803412
3300.292000055313, 3475.387800704595, 19354.73110359242
3300.3129999637604, 3475.387800704595, 19352.50866384171
3308.2400000095367, 3475.387800704595, 19347.23279047386
3332.8940000534058, 3475.387800704595, 19325.749217005312
3332.899999856949, 3475.387800704595, 19325.543872066635
3341.007999897003, 3475.387800704595, 19316.14651596648
3341.0190000534058, 3475.387800704595, 19315.06914665344
3341.037999868393, 3475.387800704595, 19314.95516294233
3341.0469999313354, 3475.387800704595, 19314.95516294233
3366.260999917984, 3475.387800704595, 19292.198900986677
3366.2669999599457, 3475.387800704595, 19292.198900986677
3366.2819998264313, 3475.387800704595, 19292.198900986677
3366.3020000457764, 3475.387800704595, 19292.198900986677
3382.697000026703, 3475.387800704595, 19276.740057227093
3390.4049999713898, 3475.387800704595, 19274.898139164652
3390.417000055313, 3475.387800704595, 19273.40822688481
3390.422999858856, 3475.387800704595, 19273.40822688481
3390.4400000572205, 3475.387800704595, 19273.40822688481
3390.460000038147, 3475.387800704595, 19271.499470331306
3398.399999856949, 3475.387800704595, 19266.4452337109
3398.409999847412, 3475.387800704595, 19265.47926039168
3398.417000055313, 3475.387800704595, 19265.47926039168
3398.4270000457764, 3475.387800704595, 19265.47926039168
3398.434000015259, 3475.387800704595, 19265.47926039168
3398.441999912262, 3475.387800704595, 19265.47926039168
3398.452999830246, 3475.387800704595, 19259.864740256897
3414.3519999980927, 3475.387800704595, 19258.480632354964
3421.7539999485016, 3475.387800704595, 19257.231516489603
3421.7699999809265, 3475.387800704595, 19251.777885405234
3421.7829999923706, 3475.387800704595, 19251.777885405234
3430.3659999370575, 3475.387800704595, 19239.72811702096
3438.859999895096, 3475.387800704595, 19236.68553228774
3438.8680000305176, 3475.387800704595, 19235.656202166785
3438.8819999694824, 3475.387800704595, 19235.510350791163
3438.888999938965, 3475.387800704595, 19235.510350791163
3438.901000022888, 3475.387800704595, 19235.510350791163
3438.917000055313, 3475.387800704595, 19234.707068233045
3464.353999853134, 3475.387800704595, 19219.425742252224
3488.598999977112, 3475.387800704595, 19201.046404206
3488.6080000400543, 3475.387800704595, 19200.6309390639
3497.063999891281, 3475.387800704595, 19192.920344094015
3505.3940000534058, 3475.387800704595, 19184.87152207873
3542.1050000190735, 3475.387800704595, 19159.074559611
3542.1139998435974, 3475.387800704595, 19159.074559611
3552.763999938965, 3475.387800704595, 19156.037869798765
3561.4749999046326, 3475.387800704595, 19145.14815986393
3570.598999977112, 3475.387800704595, 19137.95315704902
3578.369999885559, 3475.387800704595, 19136.820494450807
3578.375, 3475.387800704595, 19136.820494450807
3578.383999824524, 3475.387800704595, 19135.846067271978
3586.84099984169, 3475.387800704595, 19128.215830073917
3595.162999868393, 3475.387800704595, 19123.615938378203
3595.1849999427795, 3475.387800704595, 19122.810509446732
3595.1900000572205, 3475.387800704595, 19122.810509446732
3600.0169999599457, 3475.387800704595, 19115.169117846803
3600.0609998703003, 3475.387800704594, 19115.169117846803
