0.10699987411499023, -1e+100, 1e+100
27.138999938964844, 53.23349632768362, 24190.334734810836
27.39199995994568, 53.23349632768362, 24190.334734810836
27.713000059127808, 53.23349632768362, 24190.334734810836
27.918999910354614, 53.23349632768362, 24190.334734810836
28.091000080108643, 53.23349632768362, 24190.334734810836
29.23300004005432, 53.23349632768362, 24190.334734810836
29.556999921798706, 53.23349632768362, 24190.334734810836
29.878999948501587, 53.23349632768362, 24190.334734810836
30.223999977111816, 53.23349632768362, 24190.334734810836
30.54800009727478, 53.23349632768362, 24190.334734810836
30.69000005722046, 477.67778523329184, 24190.334734810836
82.48300004005432, 477.67778523329184, 23670.36614961964
82.65599989891052, 477.67778523329184, 23670.36614961964
83.6159999370575, 477.67778523329184, 23670.36614961964
97.20600008964539, 477.67778523329184, 17536.663023641562
97.45799994468689, 477.67778523329184, 17536.663023641562
97.86800003051758, 477.67778523329184, 17536.663023641562
98.19899988174438, 477.67778523329184, 17536.663023641562
98.36500000953674, 477.67778523329184, 17536.663023641562
98.65499997138977, 477.67778523329184, 17536.663023641562
99.6470000743866, 477.67778523329184, 17536.663023641562
100.2039999961853, 477.67778523329184, 17536.663023641562
100.75499987602234, 477.67778523329184, 17536.663023641562
101.29999995231628, 477.67778523329184, 17536.663023641562
101.42700004577637, 477.67778523329184, 17536.663023641562
101.91499996185303, 477.67778523329184, 17536.663023641562
102.05900001525879, 477.67778523329184, 17536.663023641562
111.97499990463257, 477.67778523329184, 15184.940034744523
112.17599987983704, 477.67778523329184, 15184.940034744523
112.34100008010864, 477.67778523329184, 15184.940034744523
113.29200005531311, 477.67778523329184, 15184.940034744523
113.78399991989136, 477.67778523329184, 15184.940034744523
114.13800001144409, 477.67778523329184, 15184.940034744523
121.4449999332428, 477.67778523329184, 14281.395846467976
122.31399989128113, 477.67778523329184, 14281.395846467976
122.6930000782013, 477.67778523329184, 14281.395846467976
123.02900004386902, 477.67778523329184, 14281.395846467976
129.73799991607666, 477.67778523329184, 13839.536374253952
130.7170000076294, 477.67778523329184, 13839.536374253952
131.05200004577637, 477.67778523329184, 13839.536374253952
131.3710000514984, 477.67778523329184, 13839.536374253952
135.65499997138977, 477.67778523329184, 13639.29124216588
136.55200004577637, 477.67778523329184, 13639.29124216588
141.1489999294281, 477.67778523329184, 13533.699146851042
146.3619999885559, 477.67778523329184, 13398.620832630675
147.31200003623962, 477.67778523329184, 13398.620832630675
147.73799991607666, 477.67778523329184, 13398.620832630675
147.8840000629425, 477.67778523329184, 13398.620832630675
152.3840000629425, 477.67778523329184, 13319.942687926967
152.7539999485016, 477.67778523329184, 13319.942687926967
155.7039999961853, 477.67778523329184, 13260.435887242535
156.71199989318848, 477.67778523329184, 13260.435887242535
157.17400002479553, 477.67778523329184, 13260.435887242535
161.15400004386902, 477.67778523329184, 13210.31623333589
161.5550000667572, 477.67778523329184, 13210.31623333589
161.91100001335144, 477.67778523329184, 13210.31623333589
162.2460000514984, 477.67778523329184, 13210.31623333589
165.6050000190735, 477.67778523329184, 13165.13679809518
166.57699990272522, 477.67778523329184, 13165.13679809518
167.02699995040894, 477.67778523329184, 13165.13679809518
174.15499997138977, 477.67778523329184, 13055.531829895075
174.92300009727478, 477.67778523329184, 13055.531829895075
175.68600010871887, 477.67778523329184, 13055.531829895075
176.4079999923706, 477.67778523329184, 13055.531829895075
182.0460000038147, 477.67778523329184, 12982.292105917682
183.09299993515015, 477.67778523329184, 12982.292105917682
184.02500009536743, 477.67778523329184, 12982.292105917682
185.10400009155273, 477.67778523329184, 12982.292105917682
186.1489999294281, 477.67778523329184, 12982.292105917682
190.5350000858307, 477.67778523329184, 12914.449386213573
191.19899988174438, 477.67778523329184, 12914.449386213573
191.40400004386902, 477.67778523329184, 12914.449386213573
191.98499989509583, 477.67778523329184, 12914.449386213573
199.70700001716614, 477.67778523329184, 12857.870905938422
199.9119999408722, 477.67778523329184, 12857.870905938422
200.56200003623962, 477.67778523329184, 12857.870905938422
201.31900000572205, 477.67778523329184, 12857.870905938422
226.5569999217987, 477.67778523329184, 12688.68845996197
227.62999987602234, 477.67778523329184, 12688.68845996197
228.7920000553131, 477.67778523329184, 12688.68845996197
229.69000005722046, 477.67778523329184, 12688.68845996197
237.09800004959106, 489.5206035240543, 12507.946788561487
291.2590000629425, 489.5206035240543, 12256.626609088482
303.35599994659424, 489.5206035240543, 12256.626609088482
317.28600001335144, 489.5206035240543, 12256.626609088482
317.53200006484985, 489.5206035240543, 12256.626609088482
326.154000043869, 489.5206035240543, 12256.626609088482
349.0390000343323, 489.5206035240543, 12256.626609088482
349.1949999332428, 489.5206035240543, 12256.626609088482
377.29500007629395, 489.5206035240543, 12256.626609088482
377.50099992752075, 489.5206035240543, 12256.626609088482
384.0620000362396, 489.5206035240543, 12206.753224577935
407.625, 489.5206035240543, 12206.753224577935
407.81500005722046, 489.5206035240543, 12206.753224577935
407.97000002861023, 489.5206035240543, 12206.753224577935
453.45300006866455, 489.5206035240543, 12206.753224577935
453.5829999446869, 489.5206035240543, 12206.753224577935
453.72199988365173, 489.5206035240543, 12206.753224577935
453.8619999885559, 489.5206035240543, 12206.753224577935
465.78399991989136, 489.5206035240543, 12200.948734493562
465.9379999637604, 489.5206035240543, 12200.948734493562
466.1029999256134, 489.5206035240543, 12200.948734493562
466.25600004196167, 489.5206035240543, 12200.948734493562
484.5260000228882, 489.5206035240543, 12200.948734493562
484.68499994277954, 489.5206035240543, 12200.948734493562
484.8310000896454, 489.5206035240543, 12200.948734493562
484.9649999141693, 489.5206035240543, 12200.948734493562
514.8810000419617, 489.5206035240543, 12200.948734493562
515.0539999008179, 489.5206035240543, 12200.948734493562
515.2269999980927, 489.5206035240543, 12200.948734493562
515.3829998970032, 489.5206035240543, 12200.948734493562
515.5329999923706, 489.5206035240543, 12200.948734493562
515.6689999103546, 489.5206035240543, 12200.948734493562
515.8029999732971, 489.5206035240543, 12200.948734493562
547.4790000915527, 489.5206035240543, 12200.948734493562
547.6370000839233, 489.5206035240543, 12200.948734493562
547.7779998779297, 489.5206035240543, 12200.948734493562
547.9170000553131, 489.5206035240543, 12200.948734493562
548.0680000782013, 489.5206035240543, 12200.948734493562
560.4489998817444, 489.5206035240543, 12200.948734493562
572.2769999504089, 489.5206035240543, 12200.948734493562
572.4219999313354, 489.5206035240543, 12200.948734493562
572.5869998931885, 489.5206035240543, 12200.948734493562
572.7449998855591, 489.5206035240543, 12200.948734493562
572.875, 489.5206035240543, 12199.774142594124
597.2799999713898, 489.5206035240543, 12199.774142594124
597.4839999675751, 489.5206035240543, 12164.035853348536
597.664999961853, 489.5206035240543, 12164.035853348536
597.8229999542236, 489.5206035240543, 12164.035853348536
597.9639999866486, 489.5206035240543, 12164.035853348536
1173.5920000076294, 489.5206035240543, 12164.035853348536
1174.9879999160767, 489.5206035240543, 12164.035853348536
1205.0729999542236, 489.5206035240543, 11716.746385845821
1215.0039999485016, 489.5206035240543, 11631.877666309056
1224.707999944687, 489.5206035240543, 11525.59923246634
1225.710000038147, 489.5206035240543, 11525.59923246634
1235.4379999637604, 489.5206035240543, 11473.842607425526
1246.8269999027252, 489.5206035240543, 11395.038214611277
1249.763000011444, 489.5206035240543, 11395.038214611277
1253.0260000228882, 489.5206035240543, 11395.038214611277
1253.3710000514984, 489.5206035240543, 11395.038214611277
1255.7620000839233, 489.5206035240543, 11395.038214611277
1258.635999917984, 489.5206035240543, 11395.038214611277
1287.1510000228882, 489.5206035240543, 11207.996758008587
1288.6849999427795, 489.5206035240543, 11207.996758008587
1294.5940001010895, 489.5206035240543, 11207.996758008587
1318.641000032425, 489.5206035240543, 11099.218846505191
1358.0499999523163, 489.5206035240543, 10933.765047033257
1402.6440000534058, 489.5206035240543, 10854.520593664687
1402.7890000343323, 489.5206035240543, 10854.520593664687
1405.2400000095367, 489.5206035240543, 10854.520593664687
1411.9969999790192, 489.5206035240543, 10854.520593664687
1459.7809998989105, 489.5206035240543, 10804.726398988581
1485.1280000209808, 489.5206035240543, 10788.368732441933
1496.4670000076294, 489.5206035240543, 10784.884352349765
1508.2650001049042, 489.5206035240543, 10769.968489270297
1531.4189999103546, 489.5206035240543, 10754.805225929427
1563.6370000839233, 489.5206035240543, 10735.515143127983
1564.4769999980927, 489.5206035240543, 10735.515143127983
1565.2880001068115, 489.5206035240543, 10735.515143127983
1566.1099998950958, 489.5206035240543, 10735.515143127983
1592.4779999256134, 489.5206035240543, 10732.994959103586
1606.4690001010895, 489.5206035240543, 10732.994959103586
1648.6040000915527, 489.5206035240543, 10692.944985554757
1660.6210000514984, 489.5206035240543, 10665.58710799994
1662.2620000839233, 489.5206035240543, 10665.58710799994
1720.973000049591, 489.5206035240543, 10560.908447648004
1733.7039999961853, 489.5206035240543, 10560.908447648004
1744.5060000419617, 489.5206035240543, 10560.908447648004
1748.8650000095367, 489.5206035240543, 10560.908447648004
1754.664999961853, 489.5206035240543, 10560.908447648004
1769.7539999485016, 489.5206035240543, 10560.908447648004
1771.4830000400543, 489.5206035240543, 10560.908447648004
1785.7750000953674, 489.5206035240543, 10543.183793813074
1831.388000011444, 489.5206035240543, 10452.89055440984
1832.119999885559, 489.5206035240543, 10452.89055440984
1832.8550000190735, 489.5206035240543, 10452.89055440984
1856.4059998989105, 489.5206035240543, 10409.658721750233
1955.9619998931885, 489.5206035240543, 10352.575291474304
1960.3429999351501, 489.5206035240543, 10352.575291474304
1965.4100000858307, 489.5206035240543, 10352.575291474304
2016.1549999713898, 489.5206035240543, 10352.575291474304
2062.6159999370575, 489.5206035240543, 10352.575291474304
2072.691999912262, 489.5206035240543, 10352.575291474304
2110.4589998722076, 489.5206035240543, 10352.575291474304
2120.598000049591, 489.5206035240543, 10352.575291474304
2145.1600000858307, 489.5206035240543, 10352.575291474304
2312.938999891281, 489.5206035240543, 10129.777618504548
2313.0920000076294, 489.5206035240543, 10129.777618504548
2313.2309999465942, 489.5206035240543, 10129.777618504548
2377.6310000419617, 489.5206035240543, 10129.777618504548
2377.7809998989105, 489.5206035240543, 10129.777618504548
2377.9240000247955, 489.5206035240543, 10129.777618504548
2413.473999977112, 489.5206035240543, 10129.777618504548
2413.619999885559, 489.5206035240543, 10129.777618504548
2413.7509999275208, 489.5206035240543, 10129.777618504548
2413.898999929428, 489.5206035240543, 10129.777618504548
2414.039999961853, 489.5206035240543, 10129.777618504548
2475.6879999637604, 489.5206035240543, 10129.777618504548
2492.0360000133514, 489.5206035240543, 10129.777618504548
2492.1710000038147, 489.5206035240543, 10129.777618504548
2492.311000108719, 489.5206035240543, 10129.777618504548
2550.313999891281, 489.5206035240543, 10129.777618504548
2550.4509999752045, 489.5206035240543, 10129.777618504548
2611.236000061035, 489.5206035240543, 10129.777618504548
2715.8919999599457, 489.5206035240543, 10129.777618504548
2716.026999950409, 489.5206035240543, 10129.777618504548
2716.165999889374, 489.5206035240543, 10129.777618504548
2716.2939999103546, 489.5206035240543, 10129.777618504548
2716.428999900818, 489.5206035240543, 10129.777618504548
2716.5839998722076, 489.5206035240543, 10129.777618504548
2716.7379999160767, 489.5206035240543, 10129.777618504548
2789.680000066757, 489.5206035240543, 10129.777618504548
2870.12299990654, 489.5206035240543, 10129.777618504548
2870.265000104904, 489.5206035240543, 10129.777618504548
3005.813999891281, 489.5206035240543, 10129.777618504548
3005.9539999961853, 489.5206035240543, 10105.284112453128
3006.082999944687, 489.5206035240543, 10105.284112453128
3006.226000070572, 489.5206035240543, 10105.284112453128
3006.361000061035, 489.5206035240543, 10105.284112453128
3006.496999979019, 489.5206035240543, 10105.284112453128
3158.5060000419617, 489.5206035240543, 10102.657686536737
3158.654000043869, 489.5206035240543, 10102.657686536737
3158.7939999103546, 489.5206035240543, 10102.657686536737
3158.930000066757, 489.5206035240543, 10102.657686536737
3159.085000038147, 489.5206035240543, 10102.657686536737
3159.223999977112, 489.5206035240543, 10102.657686536737
3159.3580000400543, 489.5206035240543, 10102.657686536737
3600.835000038147, 489.52060352405425, 10052.840332769701
